{
  "type": "FeatureCollection",
  "name": "all_objects",
  "crs": {
    "type": "name",
    "properties": {
      "name": "urn:ogc:def:crs:OGC:1.3:CRS84"
    }
  },
  "features": [
    {
      "type": "Feature",
      "properties": {
        "id": 1,
        "object_type": "oks_connection_point",
        "flow_tph": 24.87
      },
      "geometry": {
        "type": "Point",
        "coordinates": [
          37.6344054041544,
          55.6994810644531
        ]
      }
    },
    {
      "type": "Feature",
      "properties": {
        "id": 2,
        "object_type": "oks_connection_point",
        "flow_tph": 18.76
      },
      "geometry": {
        "type": "Point",
        "coordinates": [
          37.6345829261805,
          55.6998544638392
        ]
      }
    },
    {
      "type": "Feature",
      "properties": {
        "id": 3,
        "object_type": "oks_connection_point",
        "flow_tph": 29.42
      },
      "geometry": {
        "type": "Point",
        "coordinates": [
          37.6328466024688,
          55.7002757601967
        ]
      }
    },
    {
      "type": "Feature",
      "properties": {
        "id": 4,
        "object_type": "oks_connection_point",
        "flow_tph": 47.7
      },
      "geometry": {
        "type": "Point",
        "coordinates": [
          37.6363818514204,
          55.7001551990147
        ]
      }
    },
    {
      "type": "Feature",
      "properties": {
        "id": 5,
        "object_type": "oks_connection_point",
        "flow_tph": 26.09
      },
      "geometry": {
        "type": "Point",
        "coordinates": [
          37.6354170560464,
          55.6986147317495
        ]
      }
    },
    {
      "type": "Feature",
      "properties": {
        "id": 6,
        "object_type": "oks_connection_point",
        "flow_tph": 15.99
      },
      "geometry": {
        "type": "Point",
        "coordinates": [
          37.632012226474316,
          55.700048261255056
        ]
      }
    },
    {
      "type": "Feature",
      "properties": {
        "id": 7,
        "object_type": "oks_connection_point",
        "flow_tph": 27.82
      },
      "geometry": {
        "type": "Point",
        "coordinates": [
          37.6382803042186,
          55.6979567862892
        ]
      }
    },
    {
      "type": "Feature",
      "properties": {
        "id": 8,
        "object_type": "oks_connection_point",
        "flow_tph": 18.03
      },
      "geometry": {
        "type": "Point",
        "coordinates": [
          37.632202633606305,
          55.70031441743034
        ]
      }
    },
    {
      "type": "Feature",
      "properties": {
        "id": 9,
        "object_type": "oks_connection_point",
        "flow_tph": 34.53
      },
      "geometry": {
        "type": "Point",
        "coordinates": [
          37.6344462678961,
          55.6972523917077
        ]
      }
    },
    {
      "type": "Feature",
      "properties": {
        "id": 10,
        "object_type": "oks_connection_point",
        "flow_tph": 33.14
      },
      "geometry": {
        "type": "Point",
        "coordinates": [
          37.6360932402107,
          55.6972965694909
        ]
      }
    },
    {
      "type": "Feature",
      "properties": {
        "id": 11,
        "object_type": "oks_connection_point",
        "flow_tph": 4.08
      },
      "geometry": {
        "type": "Point",
        "coordinates": [
          37.6332044989075,
          55.699575075115
        ]
      }
    },
    {
      "type": "Feature",
      "properties": {
        "id": 12,
        "object_type": "oks_connection_point",
        "flow_tph": 40.0
      },
      "geometry": {
        "type": "Point",
        "coordinates": [
          37.63313932211122,
          55.69865306825248
        ]
      }
    },
    {
      "type": "Feature",
      "properties": {
        "id": 13,
        "object_type": "oks_connection_point",
        "flow_tph": 19.77
      },
      "geometry": {
        "type": "Point",
        "coordinates": [
          37.6339010562985,
          55.6977226072331
        ]
      }
    },
    {
      "type": "Feature",
      "properties": {
        "id": 14,
        "object_type": "oks_connection_point",
        "flow_tph": 19.73
      },
      "geometry": {
        "type": "Point",
        "coordinates": [
          37.6337524411436,
          55.6974723292097
        ]
      }
    },
    {
      "type": "Feature",
      "properties": {
        "id": 15,
        "object_type": "oks_connection_point",
        "flow_tph": 31.89
      },
      "geometry": {
        "type": "Point",
        "coordinates": [
          37.63203443949898,
          55.69704568983144
        ]
      }
    },
    {
      "type": "Feature",
      "properties": {
        "id": 16,
        "object_type": "oks_connection_point",
        "flow_tph": 76.27
      },
      "geometry": {
        "type": "Point",
        "coordinates": [
          37.64076446632709,
          55.698407391822506
        ]
      }
    },
    {
      "type": "Feature",
      "properties": {
        "id": 17,
        "object_type": "oks_connection_point",
        "flow_tph": 20.63
      },
      "geometry": {
        "type": "Point",
        "coordinates": [
          37.639538146115,
          55.6968518286392
        ]
      }
    },
    {
      "type": "Feature",
      "properties": {
        "id": 18,
        "object_type": "restriction",
        "restriction_type": "railway"
      },
      "geometry": {
        "type": "MultiPolygon",
        "coordinates": [
          [
            [
              [
                37.657171726075234,
                55.70326477476388
              ],
              [
                37.658165733407884,
                55.70335697842791
              ],
              [
                37.657949003,
                55.703179835
              ],
              [
                37.657808864,
                55.703060335
              ],
              [
                37.657800076,
                55.70305285
              ],
              [
                37.657682228,
                55.702952442
              ],
              [
                37.657547002,
                55.702837108
              ],
              [
                37.657294394,
                55.702621655
              ],
              [
                37.657225765,
                55.702563121
              ],
              [
                37.656672352,
                55.702106911
              ],
              [
                37.656567816,
                55.702020736
              ],
              [
                37.656477967,
                55.701953784
              ],
              [
                37.6560146,
                55.701608499
              ],
              [
                37.655980601,
                55.701583165
              ],
              [
                37.65592482,
                55.701545784
              ],
              [
                37.655710087,
                55.701401884
              ],
              [
                37.655577926,
                55.701313319
              ],
              [
                37.655527065,
                55.701333589
              ],
              [
                37.655490426,
                55.701348189
              ],
              [
                37.655079195,
                55.701536262
              ],
              [
                37.654828248,
                55.701399654
              ],
              [
                37.649888914,
                55.698710502
              ],
              [
                37.649702318,
                55.698617725
              ],
              [
                37.6491047,
                55.698320575
              ],
              [
                37.649014929,
                55.69827594
              ],
              [
                37.648500683,
                55.697999829
              ],
              [
                37.64825785,
                55.697869442
              ],
              [
                37.64792664,
                55.697691603
              ],
              [
                37.647437417,
                55.697428914
              ],
              [
                37.646602749,
                55.696980725
              ],
              [
                37.646026454,
                55.696671267
              ],
              [
                37.645278848,
                55.696269804
              ],
              [
                37.645119611,
                55.696187332
              ],
              [
                37.644901572,
                55.6960744
              ],
              [
                37.644106793,
                55.695662747
              ],
              [
                37.64400356,
                55.695609276
              ],
              [
                37.64373543,
                55.695470395
              ],
              [
                37.642934774,
                55.695055678
              ],
              [
                37.642646851,
                55.694906535
              ],
              [
                37.641358597,
                55.694239204
              ],
              [
                37.64124679,
                55.694181424
              ],
              [
                37.641169821,
                55.694141892
              ],
              [
                37.641092259,
                55.69410273
              ],
              [
                37.641014113,
                55.694063942
              ],
              [
                37.64097549,
                55.694045097
              ],
              [
                37.640935384,
                55.69402553
              ],
              [
                37.640614661,
                55.693875701
              ],
              [
                37.640100358,
                55.693655984
              ],
              [
                37.640093867,
                55.69365321
              ],
              [
                37.640089856,
                55.693651587
              ],
              [
                37.63954848,
                55.693445154
              ],
              [
                37.638986705,
                55.693254776
              ],
              [
                37.638985561,
                55.693254411
              ],
              [
                37.638411602,
                55.693082696
              ],
              [
                37.638401457,
                55.693079862
              ],
              [
                37.638326382,
                55.693060252
              ],
              [
                37.637813127,
                55.692926193
              ],
              [
                37.637809881,
                55.692925406
              ],
              [
                37.637353672,
                55.692822548
              ],
              [
                37.637204814,
                55.692788985
              ],
              [
                37.637145086,
                55.692776643
              ],
              [
                37.637082421,
                55.692763912
              ],
              [
                37.637019632,
                55.692751375
              ],
              [
                37.636956726,
                55.692739032
              ],
              [
                37.636893701,
                55.692726881
              ],
              [
                37.635672723,
                55.692493569
              ],
              [
                37.635457293,
                55.6924524
              ],
              [
                37.635408675,
                55.692442733
              ],
              [
                37.635373285,
                55.692435697
              ],
              [
                37.635289049,
                55.692419363
              ],
              [
                37.635204592,
                55.692403398
              ],
              [
                37.635119917,
                55.692387806
              ],
              [
                37.635038553,
                55.692373219
              ],
              [
                37.63503503,
                55.692372587
              ],
              [
                37.634949934,
                55.692357739
              ],
              [
                37.63486464,
                55.692343267
              ],
              [
                37.634779147,
                55.692329172
              ],
              [
                37.634715659,
                55.692318965
              ],
              [
                37.634652069,
                55.692308966
              ],
              [
                37.634588375,
                55.692299175
              ],
              [
                37.634524584,
                55.692289591
              ],
              [
                37.634460695,
                55.692280217
              ],
              [
                37.634396711,
                55.692271048
              ],
              [
                37.634332636,
                55.692262089
              ],
              [
                37.634268472,
                55.692253339
              ],
              [
                37.633432964,
                55.69214084
              ],
              [
                37.632154718,
                55.691968713
              ],
              [
                37.631367056,
                55.691862641
              ],
              [
                37.631039145,
                55.691818479
              ],
              [
                37.630645186,
                55.691765422
              ],
              [
                37.630612186,
                55.691760978
              ],
              [
                37.630502808,
                55.692004294
              ],
              [
                37.630457947,
                55.692106002
              ],
              [
                37.630433035,
                55.692162476
              ],
              [
                37.630465535,
                55.692165668
              ],
              [
                37.630897713,
                55.692208111
              ],
              [
                37.630983889,
                55.692216574
              ],
              [
                37.631028389,
                55.692220946
              ],
              [
                37.631043329,
                55.692222412
              ],
              [
                37.631058837,
                55.692223935
              ],
              [
                37.63107442,
                55.692225465
              ],
              [
                37.63114055,
                55.692231961
              ],
              [
                37.631140566,
                55.692231962
              ],
              [
                37.63136443,
                55.692253948
              ],
              [
                37.631395913,
                55.69225704
              ],
              [
                37.631529093,
                55.692270117
              ],
              [
                37.632751769,
                55.692390183
              ],
              [
                37.632834562,
                55.692398483
              ],
              [
                37.632917241,
                55.692407139
              ],
              [
                37.6329998,
                55.692416145
              ],
              [
                37.633082236,
                55.692425503
              ],
              [
                37.633164547,
                55.692435214
              ],
              [
                37.633246726,
                55.692445275
              ],
              [
                37.633297549,
                55.692451724
              ],
              [
                37.633328768,
                55.692455685
              ],
              [
                37.633410669,
                55.692466447
              ],
              [
                37.63493463,
                55.692670363
              ],
              [
                37.634944013,
                55.692671704
              ],
              [
                37.634953293,
                55.692673201
              ],
              [
                37.634993134,
                55.69267819
              ],
              [
                37.634998375,
                55.692678892
              ],
              [
                37.635002517,
                55.69267945
              ],
              [
                37.635007433,
                55.692680113
              ],
              [
                37.635011703,
                55.692680692
              ],
              [
                37.635015391,
                55.692681193
              ],
              [
                37.635080698,
                55.692690279
              ],
              [
                37.63514461,
                55.692699576
              ],
              [
                37.635208345,
                55.692709246
              ],
              [
                37.635271904,
                55.692719288
              ],
              [
                37.635332348,
                55.692729213
              ],
              [
                37.635392616,
                55.692739476
              ],
              [
                37.635452701,
                55.692750073
              ],
              [
                37.635512598,
                55.692761009
              ],
              [
                37.63563919,
                55.692784524
              ],
              [
                37.6359018,
                55.692833307
              ],
              [
                37.635935129,
                55.692839498
              ],
              [
                37.636245286,
                55.692908689
              ],
              [
                37.636359231,
                55.692934108
              ],
              [
                37.636904674,
                55.693055783
              ],
              [
                37.636909124,
                55.693056928
              ],
              [
                37.637076894,
                55.69310145
              ],
              [
                37.637221104,
                55.693139719
              ],
              [
                37.637263389,
                55.693150939
              ],
              [
                37.637341338,
                55.693171624
              ],
              [
                37.637705015,
                55.693268131
              ],
              [
                37.638491475,
                55.693497229
              ],
              [
                37.639206152,
                55.693724875
              ],
              [
                37.639648607,
                55.693876798
              ],
              [
                37.639726115,
                55.693906903
              ],
              [
                37.639959223,
                55.693997451
              ],
              [
                37.639970339,
                55.694002007
              ],
              [
                37.640268908,
                55.694130501
              ],
              [
                37.640269921,
                55.694130954
              ],
              [
                37.640614803,
                55.694286932
              ],
              [
                37.641359978,
                55.694623937
              ],
              [
                37.641465583,
                55.69467169
              ],
              [
                37.641513139,
                55.694693337
              ],
              [
                37.64156045,
                55.694715155
              ],
              [
                37.641607511,
                55.694737145
              ],
              [
                37.641654326,
                55.694759305
              ],
              [
                37.641700886,
                55.694781632
              ],
              [
                37.641747192,
                55.694804129
              ],
              [
                37.641793245,
                55.694826791
              ],
              [
                37.641839038,
                55.694849619
              ],
              [
                37.641884569,
                55.694872614
              ],
              [
                37.641929842,
                55.694895771
              ],
              [
                37.641974851,
                55.694919094
              ],
              [
                37.642019596,
                55.694942577
              ],
              [
                37.642064072,
                55.694966222
              ],
              [
                37.642108278,
                55.694990027
              ],
              [
                37.642152217,
                55.695013992
              ],
              [
                37.642195881,
                55.695038114
              ],
              [
                37.64228944,
                55.695090135
              ],
              [
                37.643329162,
                55.695668233
              ],
              [
                37.643339316,
                55.695673879
              ],
              [
                37.643536103,
                55.69578329
              ],
              [
                37.644003948,
                55.696043403
              ],
              [
                37.644308721,
                55.696212848
              ],
              [
                37.644462486,
                55.696298337
              ],
              [
                37.644521229,
                55.696330995
              ],
              [
                37.644681959,
                55.696420355
              ],
              [
                37.645590652,
                55.696925542
              ],
              [
                37.645595847,
                55.69692843
              ],
              [
                37.645677308,
                55.696972401
              ],
              [
                37.646165443,
                55.697235878
              ],
              [
                37.646790879,
                55.697573458
              ],
              [
                37.647029429,
                55.697708404
              ],
              [
                37.647880383,
                55.698180929
              ],
              [
                37.648087433,
                55.698290224
              ],
              [
                37.647969093,
                55.698366604
              ],
              [
                37.647951681,
                55.698392896
              ],
              [
                37.648013777,
                55.698432711
              ],
              [
                37.648058204,
                55.698430367
              ],
              [
                37.648199273,
                55.698350358
              ],
              [
                37.648639712,
                55.698589847
              ],
              [
                37.648858726,
                55.698708932
              ],
              [
                37.648946898,
                55.698756875
              ],
              [
                37.649213022,
                55.698901075
              ],
              [
                37.649353876,
                55.698977396
              ],
              [
                37.649883278,
                55.699264249
              ],
              [
                37.650709093,
                55.699720708
              ],
              [
                37.651203142,
                55.700037217
              ],
              [
                37.650950894,
                55.700174987
              ],
              [
                37.650967786,
                55.700186703
              ],
              [
                37.651412875,
                55.700454266
              ],
              [
                37.651466426,
                55.700483763
              ],
              [
                37.651739892,
                55.700330904
              ],
              [
                37.652486448,
                55.700745283
              ],
              [
                37.652820711,
                55.700930814
              ],
              [
                37.653335681,
                55.70120852
              ],
              [
                37.653681506,
                55.701395005
              ],
              [
                37.653835587,
                55.701478095
              ],
              [
                37.65428479,
                55.701720323
              ],
              [
                37.654410397,
                55.701788054
              ],
              [
                37.654703865,
                55.7019463
              ],
              [
                37.654817833,
                55.702007755
              ],
              [
                37.654859955,
                55.702030468
              ],
              [
                37.655048989,
                55.702132399
              ],
              [
                37.655580382,
                55.702418932
              ],
              [
                37.65580289,
                55.70253891
              ],
              [
                37.655583133,
                55.702668793
              ],
              [
                37.65589917,
                55.702839201
              ],
              [
                37.655962755,
                55.702873485
              ],
              [
                37.656019978,
                55.702839048
              ],
              [
                37.656180279,
                55.702742576
              ],
              [
                37.656373262,
                55.702838601
              ],
              [
                37.656561349,
                55.702932185
              ],
              [
                37.656627336,
                55.702965018
              ],
              [
                37.656894345,
                55.703115146
              ],
              [
                37.657160266,
                55.703258593
              ],
              [
                37.657171726075234,
                55.70326477476388
              ]
            ]
          ]
        ]
      }
    },
    {
      "type": "Feature",
      "properties": {
        "id": 19,
        "object_type": "restriction",
        "restriction_type": "water"
      },
      "geometry": {
        "type": "MultiPolygon",
        "coordinates": [
          [
            [
              [
                37.630310992825386,
                55.6912921320427
              ],
              [
                37.62769081108417,
                55.690915329577294
              ],
              [
                37.6273536,
                55.6919243
              ],
              [
                37.6270446,
                55.6929886
              ],
              [
                37.626872,
                55.6938453
              ],
              [
                37.6264196,
                55.6967756
              ],
              [
                37.6263081,
                55.6977889
              ],
              [
                37.6262685,
                55.6988804
              ],
              [
                37.6262745,
                55.6993422
              ],
              [
                37.6267792,
                55.6995705
              ],
              [
                37.6268869,
                55.7004561
              ],
              [
                37.6264422,
                55.7007383
              ],
              [
                37.6264819,
                55.7010173
              ],
              [
                37.6265599,
                55.701814
              ],
              [
                37.6265971,
                55.7021929
              ],
              [
                37.626619,
                55.7023388
              ],
              [
                37.6265458,
                55.7023425
              ],
              [
                37.6265953,
                55.7026574
              ],
              [
                37.6266685,
                55.7026538
              ],
              [
                37.6267166,
                55.703009
              ],
              [
                37.6266472,
                55.7030113
              ],
              [
                37.6266851,
                55.7033788
              ],
              [
                37.6267455,
                55.7033743
              ],
              [
                37.6267986,
                55.7037273
              ],
              [
                37.6268945,
                55.7042344
              ],
              [
                37.6270762,
                55.705048
              ],
              [
                37.62724598791366,
                55.70554663888263
              ],
              [
                37.629616988018505,
                55.705297649239995
              ],
              [
                37.6293972,
                55.7048592
              ],
              [
                37.6293312,
                55.7046621
              ],
              [
                37.6292719,
                55.7044068
              ],
              [
                37.629185,
                55.7040221
              ],
              [
                37.6291442,
                55.7036327
              ],
              [
                37.629126,
                55.7032967
              ],
              [
                37.6291061,
                55.702747
              ],
              [
                37.6290981,
                55.7023468
              ],
              [
                37.6290922,
                55.7019656
              ],
              [
                37.6289913,
                55.701861
              ],
              [
                37.628934,
                55.7017921
              ],
              [
                37.6287693,
                55.7013923
              ],
              [
                37.6287639,
                55.7013334
              ],
              [
                37.6287939,
                55.701248
              ],
              [
                37.6290016,
                55.7010306
              ],
              [
                37.6290053,
                55.7007756
              ],
              [
                37.6290595,
                55.700748
              ],
              [
                37.6290616,
                55.7002043
              ],
              [
                37.628902,
                55.7002036
              ],
              [
                37.6289046,
                55.7000393
              ],
              [
                37.6289114,
                55.6996178
              ],
              [
                37.6290777,
                55.6996164
              ],
              [
                37.6291303,
                55.6977821
              ],
              [
                37.6289986,
                55.6977821
              ],
              [
                37.6290038,
                55.6976247
              ],
              [
                37.6290107,
                55.697414
              ],
              [
                37.6291394,
                55.6974155
              ],
              [
                37.6292934,
                55.6958379
              ],
              [
                37.629384,
                55.6951867
              ],
              [
                37.6293959,
                55.6951014
              ],
              [
                37.6294218,
                55.6948828
              ],
              [
                37.6297569,
                55.6932063
              ],
              [
                37.6298918,
                55.6925551
              ],
              [
                37.629994,
                55.6920752
              ],
              [
                37.6301262,
                55.6917174
              ],
              [
                37.630310992825386,
                55.6912921320427
              ]
            ]
          ]
        ]
      }
    },
    {
      "type": "Feature",
      "properties": {
        "id": 20,
        "object_type": "restriction",
        "restriction_type": "water"
      },
      "geometry": {
        "type": "MultiPolygon",
        "coordinates": [
          [
            [
              [
                37.6392025,
                55.694628
              ],
              [
                37.6392086,
                55.6946581
              ],
              [
                37.6392392,
                55.6947002
              ],
              [
                37.6392703,
                55.6947208
              ],
              [
                37.639317,
                55.6947392
              ],
              [
                37.6394982,
                55.6947776
              ],
              [
                37.6395246,
                55.6947884
              ],
              [
                37.6395375,
                55.6947979
              ],
              [
                37.63955,
                55.6948193
              ],
              [
                37.6395518,
                55.6948616
              ],
              [
                37.6395409,
                55.694904
              ],
              [
                37.6395359,
                55.6949424
              ],
              [
                37.6395422,
                55.6949475
              ],
              [
                37.6395484,
                55.6949493
              ],
              [
                37.6395581,
                55.6949495
              ],
              [
                37.6395743,
                55.6949465
              ],
              [
                37.6396323,
                55.6949339
              ],
              [
                37.6396738,
                55.6949285
              ],
              [
                37.6397147,
                55.6949259
              ],
              [
                37.6397556,
                55.6949335
              ],
              [
                37.6397931,
                55.6949508
              ],
              [
                37.6398285,
                55.6949756
              ],
              [
                37.6398647,
                55.6950006
              ],
              [
                37.6399033,
                55.69501
              ],
              [
                37.639942,
                55.6950104
              ],
              [
                37.6399863,
                55.6949999
              ],
              [
                37.640066,
                55.6949677
              ],
              [
                37.6401077,
                55.6949507
              ],
              [
                37.6401432,
                55.6949464
              ],
              [
                37.6401754,
                55.6949485
              ],
              [
                37.6402045,
                55.6949556
              ],
              [
                37.6402319,
                55.6949696
              ],
              [
                37.6402858,
                55.6950267
              ],
              [
                37.6403223,
                55.6950658
              ],
              [
                37.6403524,
                55.6950981
              ],
              [
                37.6403711,
                55.6951182
              ],
              [
                37.6403915,
                55.6951274
              ],
              [
                37.6404098,
                55.6951284
              ],
              [
                37.6404288,
                55.695123
              ],
              [
                37.640468,
                55.6950968
              ],
              [
                37.6405306,
                55.6950663
              ],
              [
                37.6405619,
                55.6950547
              ],
              [
                37.64059,
                55.69505
              ],
              [
                37.6406299,
                55.6950504
              ],
              [
                37.6407359,
                55.695049
              ],
              [
                37.6407805,
                55.6950443
              ],
              [
                37.6408199,
                55.6950342
              ],
              [
                37.6408502,
                55.6950212
              ],
              [
                37.640885,
                55.6949932
              ],
              [
                37.6408933,
                55.6949749
              ],
              [
                37.6408851,
                55.6949468
              ],
              [
                37.6408545,
                55.6949247
              ],
              [
                37.6408093,
                55.6949113
              ],
              [
                37.6407543,
                55.6949001
              ],
              [
                37.6407017,
                55.694894
              ],
              [
                37.6406353,
                55.6948921
              ],
              [
                37.6405755,
                55.6948958
              ],
              [
                37.6405196,
                55.6949042
              ],
              [
                37.640456,
                55.6949141
              ],
              [
                37.6403966,
                55.6949109
              ],
              [
                37.6403535,
                55.6949006
              ],
              [
                37.6403242,
                55.6948883
              ],
              [
                37.6402944,
                55.6948681
              ],
              [
                37.6402774,
                55.6948479
              ],
              [
                37.6402626,
                55.6948286
              ],
              [
                37.6402346,
                55.6947639
              ],
              [
                37.6402062,
                55.6947202
              ],
              [
                37.6401472,
                55.6946915
              ],
              [
                37.6400882,
                55.694687
              ],
              [
                37.6400252,
                55.694693
              ],
              [
                37.6399228,
                55.6947117
              ],
              [
                37.6398521,
                55.6947166
              ],
              [
                37.6398037,
                55.6947132
              ],
              [
                37.6397384,
                55.6946989
              ],
              [
                37.6396942,
                55.6946807
              ],
              [
                37.6396676,
                55.6946603
              ],
              [
                37.6396214,
                55.6946054
              ],
              [
                37.6396017,
                55.6945789
              ],
              [
                37.6395676,
                55.6945519
              ],
              [
                37.6395148,
                55.694527
              ],
              [
                37.6394558,
                55.6945117
              ],
              [
                37.6393962,
                55.6945077
              ],
              [
                37.6393293,
                55.6945154
              ],
              [
                37.6392567,
                55.6945434
              ],
              [
                37.6392264,
                55.69457
              ],
              [
                37.6392098,
                55.6945954
              ],
              [
                37.6392025,
                55.694628
              ]
            ]
          ]
        ]
      }
    },
    {
      "type": "Feature",
      "properties": {
        "id": 21,
        "object_type": "restriction",
        "restriction_type": "oks",
        "address": "Автозаводская улица, дом 23, строение 896"
      },
      "geometry": {
        "type": "MultiPolygon",
        "coordinates": [
          [
            [
              [
                37.63811806,
                55.702802981
              ],
              [
                37.638120832,
                55.702816922
              ],
              [
                37.63808001,
                55.70281947
              ],
              [
                37.638084216,
                55.702839405
              ],
              [
                37.638124795,
                55.702836852
              ],
              [
                37.638126281,
                55.702844322
              ],
              [
                37.638211778,
                55.702839081
              ],
              [
                37.638208445,
                55.702821307
              ],
              [
                37.638229843,
                55.70281984
              ],
              [
                37.638224988,
                55.702796313
              ],
              [
                37.63811806,
                55.702802981
              ]
            ]
          ]
        ]
      }
    },
    {
      "type": "Feature",
      "properties": {
        "id": 22,
        "object_type": "restriction",
        "restriction_type": "oks",
        "address": "Автозаводская улица, дом 23, строение 2"
      },
      "geometry": {
        "type": "MultiPolygon",
        "coordinates": [
          [
            [
              [
                37.649771111,
                55.701506674
              ],
              [
                37.649645643,
                55.701580971
              ],
              [
                37.649748379,
                55.701639307
              ],
              [
                37.649757959,
                55.701634162
              ],
              [
                37.65027526,
                55.701949221
              ],
              [
                37.650259635,
                55.701957224
              ],
              [
                37.650294572,
                55.701978285
              ],
              [
                37.650358577,
                55.70194484
              ],
              [
                37.650387428,
                55.701962486
              ],
              [
                37.650548193,
                55.701878165
              ],
              [
                37.650485435,
                55.701840029
              ],
              [
                37.650499037,
                55.701830885
              ],
              [
                37.649915928,
                55.701475698
              ],
              [
                37.649813103,
                55.701529151
              ],
              [
                37.649771111,
                55.701506674
              ]
            ]
          ]
        ]
      }
    },
    {
      "type": "Feature",
      "properties": {
        "id": 23,
        "object_type": "restriction",
        "restriction_type": "oks",
        "address": "Автозаводская улица, дом 25, корпус 1, строение 3"
      },
      "geometry": {
        "type": "MultiPolygon",
        "coordinates": [
          [
            [
              [
                37.632965117,
                55.702300453
              ],
              [
                37.633038839,
                55.70229695
              ],
              [
                37.633031077,
                55.702243345
              ],
              [
                37.632957356,
                55.702246848
              ],
              [
                37.632965117,
                55.702300453
              ]
            ]
          ]
        ]
      }
    },
    {
      "type": "Feature",
      "properties": {
        "id": 24,
        "object_type": "restriction",
        "restriction_type": "oks",
        "address": "Автозаводская улица, дом 23, строение 23"
      },
      "geometry": {
        "type": "MultiPolygon",
        "coordinates": [
          [
            [
              [
                37.638848102,
                55.696630551
              ],
              [
                37.638790069,
                55.696544121
              ],
              [
                37.638808503,
                55.696540148
              ],
              [
                37.638797952,
                55.696524621
              ],
              [
                37.638830847,
                55.696517579
              ],
              [
                37.638810383,
                55.696487063
              ],
              [
                37.638779872,
                55.696493654
              ],
              [
                37.638766283,
                55.69647346
              ],
              [
                37.638749598,
                55.696477072
              ],
              [
                37.638535374,
                55.696158546
              ],
              [
                37.638556192,
                55.696154122
              ],
              [
                37.638532372,
                55.69611876
              ],
              [
                37.638511554,
                55.696123184
              ],
              [
                37.638284866,
                55.695786349
              ],
              [
                37.638305683,
                55.695781925
              ],
              [
                37.638283463,
                55.695748986
              ],
              [
                37.638262646,
                55.695753501
              ],
              [
                37.638050669,
                55.695438474
              ],
              [
                37.638074187,
                55.695433418
              ],
              [
                37.638060119,
                55.695412506
              ],
              [
                37.638085704,
                55.695406999
              ],
              [
                37.638065722,
                55.695377471
              ],
              [
                37.638040137,
                55.695382978
              ],
              [
                37.638026869,
                55.695363143
              ],
              [
                37.63800335,
                55.695368109
              ],
              [
                37.637942603,
                55.69527782
              ],
              [
                37.637703606,
                55.695329193
              ],
              [
                37.637775702,
                55.695436356
              ],
              [
                37.637751108,
                55.695452192
              ],
              [
                37.637764377,
                55.695472027
              ],
              [
                37.637799681,
                55.695471808
              ],
              [
                37.638116206,
                55.695942373
              ],
              [
                37.638103493,
                55.695945082
              ],
              [
                37.638194936,
                55.696081235
              ],
              [
                37.638207808,
                55.696078526
              ],
              [
                37.638520346,
                55.696542897
              ],
              [
                37.638483989,
                55.696560273
              ],
              [
                37.638496298,
                55.696578402
              ],
              [
                37.638542888,
                55.696576464
              ],
              [
                37.63861323,
                55.696680934
              ],
              [
                37.638848102,
                55.696630551
              ]
            ]
          ]
        ]
      }
    },
    {
      "type": "Feature",
      "properties": {
        "id": 25,
        "object_type": "restriction",
        "restriction_type": "oks",
        "address": "Автозаводская улица, дом 25, строение 9"
      },
      "geometry": {
        "type": "MultiPolygon",
        "coordinates": [
          [
            [
              [
                37.631770153,
                55.703112533
              ],
              [
                37.631945854,
                55.703110065
              ],
              [
                37.631943485,
                55.703078378
              ],
              [
                37.632115259,
                55.70307568
              ],
              [
                37.632111176,
                55.702996284
              ],
              [
                37.631938765,
                55.702998984
              ],
              [
                37.631937277,
                55.702960662
              ],
              [
                37.631761575,
                55.702963129
              ],
              [
                37.631760554,
                55.702951412
              ],
              [
                37.631741259,
                55.702951849
              ],
              [
                37.631753174,
                55.703123106
              ],
              [
                37.631770704,
                55.703122921
              ],
              [
                37.631770153,
                55.703112533
              ]
            ]
          ]
        ]
      }
    },
    {
      "type": "Feature",
      "properties": {
        "id": 26,
        "object_type": "restriction",
        "restriction_type": "oks",
        "address": "Автозаводская улица, дом 23, строение 20"
      },
      "geometry": {
        "type": "MultiPolygon",
        "coordinates": [
          [
            [
              [
                37.632049572,
                55.693434579
              ],
              [
                37.632156133,
                55.693596443
              ],
              [
                37.632391253,
                55.693547142
              ],
              [
                37.632651206,
                55.693939997
              ],
              [
                37.632398808,
                55.69399288
              ],
              [
                37.632515027,
                55.694171844
              ],
              [
                37.6331886,
                55.694032524
              ],
              [
                37.633175395,
                55.694012292
              ],
              [
                37.633496286,
                55.693945785
              ],
              [
                37.633521157,
                55.693984255
              ],
              [
                37.633816816,
                55.693923194
              ],
              [
                37.633791881,
                55.693884759
              ],
              [
                37.633869562,
                55.693867656
              ],
              [
                37.633903952,
                55.693914848
              ],
              [
                37.634330958,
                55.693821096
              ],
              [
                37.634297982,
                55.693772938
              ],
              [
                37.635276738,
                55.693560554
              ],
              [
                37.635314288,
                55.693615551
              ],
              [
                37.635393491,
                55.693598353
              ],
              [
                37.635380804,
                55.693579546
              ],
              [
                37.635524591,
                55.693548305
              ],
              [
                37.635057241,
                55.692861262
              ],
              [
                37.634917984,
                55.692891357
              ],
              [
                37.634880958,
                55.692839497
              ],
              [
                37.633900674,
                55.693045319
              ],
              [
                37.633872263,
                55.693002288
              ],
              [
                37.633427779,
                55.69309545
              ],
              [
                37.63345619,
                55.693138767
              ],
              [
                37.632049572,
                55.693434579
              ]
            ]
          ]
        ]
      }
    },
    {
      "type": "Feature",
      "properties": {
        "id": 27,
        "object_type": "restriction",
        "restriction_type": "oks",
        "address": "Автозаводская улица, дом 23, корпус 11"
      },
      "geometry": {
        "type": "MultiPolygon",
        "coordinates": [
          [
            [
              [
                37.636376013,
                55.702042356
              ],
              [
                37.636782224,
                55.703267593
              ],
              [
                37.637466273,
                55.703196065
              ],
              [
                37.637400963,
                55.702997684
              ],
              [
                37.637460635,
                55.70299169
              ],
              [
                37.637427537,
                55.702860781
              ],
              [
                37.637398563,
                55.702746173
              ],
              [
                37.637380698,
                55.702692581
              ],
              [
                37.637288841,
                55.702417489
              ],
              [
                37.637221472,
                55.702215946
              ],
              [
                37.637136259,
                55.701961382
              ],
              [
                37.636376013,
                55.702042356
              ]
            ]
          ]
        ]
      }
    },
    {
      "type": "Feature",
      "properties": {
        "id": 28,
        "object_type": "restriction",
        "restriction_type": "oks",
        "address": "Автозаводская улица, дом 23, корпус 12"
      },
      "geometry": {
        "type": "MultiPolygon",
        "coordinates": [
          [
            [
              [
                37.637919474,
                55.703982534
              ],
              [
                37.637867736,
                55.703819568
              ],
              [
                37.638221728,
                55.703784889
              ],
              [
                37.63818493,
                55.703656617
              ],
              [
                37.637809369,
                55.703692964
              ],
              [
                37.637584686,
                55.702979238
              ],
              [
                37.637400963,
                55.702997684
              ],
              [
                37.637466273,
                55.703196065
              ],
              [
                37.636745489,
                55.703272152
              ],
              [
                37.636795275,
                55.70342461
              ],
              [
                37.636764717,
                55.703428092
              ],
              [
                37.636777471,
                55.703463861
              ],
              [
                37.63680677,
                55.703460542
              ],
              [
                37.636836077,
                55.703557737
              ],
              [
                37.636986789,
                55.703542185
              ],
              [
                37.637013749,
                55.703625577
              ],
              [
                37.637199086,
                55.703605818
              ],
              [
                37.637184488,
                55.703562192
              ],
              [
                37.637566424,
                55.703527862
              ],
              [
                37.637590898,
                55.703605958
              ],
              [
                37.637536413,
                55.703611711
              ],
              [
                37.637557865,
                55.70367899
              ],
              [
                37.637612435,
                55.703674726
              ],
              [
                37.637623587,
                55.703710291
              ],
              [
                37.636890697,
                55.703787512
              ],
              [
                37.636908099,
                55.703842076
              ],
              [
                37.636860481,
                55.703847261
              ],
              [
                37.636872839,
                55.703886766
              ],
              [
                37.636920868,
                55.70388213
              ],
              [
                37.636943781,
                55.703953977
              ],
              [
                37.637555541,
                55.703889336
              ],
              [
                37.637592774,
                55.704013365
              ],
              [
                37.637702369,
                55.704002275
              ],
              [
                37.637707207,
                55.704017466
              ],
              [
                37.637816136,
                55.704006441
              ],
              [
                37.637812005,
                55.703993412
              ],
              [
                37.637919474,
                55.703982534
              ]
            ]
          ]
        ]
      }
    },
    {
      "type": "Feature",
      "properties": {
        "id": 29,
        "object_type": "restriction",
        "restriction_type": "oks",
        "address": "Автозаводская улица, дом 23, строение 121"
      },
      "geometry": {
        "type": "MultiPolygon",
        "coordinates": [
          [
            [
              [
                37.636549594,
                55.693847387
              ],
              [
                37.636460134,
                55.693965282
              ],
              [
                37.636411115,
                55.693953643
              ],
              [
                37.636379954,
                55.693995883
              ],
              [
                37.636428972,
                55.694007521
              ],
              [
                37.636330466,
                55.694140806
              ],
              [
                37.637301176,
                55.694369866
              ],
              [
                37.637278564,
                55.694400689
              ],
              [
                37.63749232,
                55.694451213
              ],
              [
                37.637515427,
                55.694419532
              ],
              [
                37.637623059,
                55.694445079
              ],
              [
                37.637909499,
                55.694058063
              ],
              [
                37.63775134,
                55.694020881
              ],
              [
                37.637705111,
                55.694083101
              ],
              [
                37.637498428,
                55.694034283
              ],
              [
                37.637363244,
                55.694216943
              ],
              [
                37.636670973,
                55.694053453
              ],
              [
                37.63675288,
                55.693942713
              ],
              [
                37.636942372,
                55.693987562
              ],
              [
                37.636974041,
                55.693944749
              ],
              [
                37.636549594,
                55.693847387
              ]
            ]
          ]
        ]
      }
    },
    {
      "type": "Feature",
      "properties": {
        "id": 30,
        "object_type": "restriction",
        "restriction_type": "oks",
        "address": "Автозаводская улица, дом 25, строение 2"
      },
      "geometry": {
        "type": "MultiPolygon",
        "coordinates": [
          [
            [
              [
                37.633129477,
                55.703721275
              ],
              [
                37.633269706,
                55.703715177
              ],
              [
                37.633251054,
                55.703578342
              ],
              [
                37.63311084,
                55.703584429
              ],
              [
                37.633114983,
                55.703614848
              ],
              [
                37.633072789,
                55.703617122
              ],
              [
                37.633077612,
                55.703649225
              ],
              [
                37.633119431,
                55.703647517
              ],
              [
                37.633129477,
                55.703721275
              ]
            ]
          ]
        ]
      }
    },
    {
      "type": "Feature",
      "properties": {
        "id": 31,
        "object_type": "restriction",
        "restriction_type": "oks",
        "address": "Автозаводская улица, дом 23, строение 928"
      },
      "geometry": {
        "type": "MultiPolygon",
        "coordinates": [
          [
            [
              [
                37.641188322,
                55.70251604
              ],
              [
                37.641039805,
                55.702080178
              ],
              [
                37.640987309,
                55.702085941
              ],
              [
                37.640979146,
                55.702061996
              ],
              [
                37.640125527,
                55.702156791
              ],
              [
                37.640041939,
                55.701941295
              ],
              [
                37.639979336,
                55.701947924
              ],
              [
                37.639981412,
                55.701959614
              ],
              [
                37.639995688,
                55.701999523
              ],
              [
                37.640063437,
                55.702163705
              ],
              [
                37.64021803,
                55.702607261
              ],
              [
                37.640792999,
                55.702543297
              ],
              [
                37.640798103,
                55.702558407
              ],
              [
                37.640898064,
                55.702547455
              ],
              [
                37.640954799,
                55.702736461
              ],
              [
                37.640622116,
                55.702772201
              ],
              [
                37.640632841,
                55.702804699
              ],
              [
                37.641024568,
                55.702760905
              ],
              [
                37.64095309,
                55.702541404
              ],
              [
                37.641188322,
                55.70251604
              ]
            ]
          ]
        ]
      }
    },
    {
      "type": "Feature",
      "properties": {
        "id": 32,
        "object_type": "restriction",
        "restriction_type": "oks",
        "address": "Автозаводская улица, дом 21А"
      },
      "geometry": {
        "type": "MultiPolygon",
        "coordinates": [
          [
            [
              [
                37.653074643,
                55.702826467
              ],
              [
                37.653397433,
                55.702638256
              ],
              [
                37.65316854,
                55.702513064
              ],
              [
                37.653140926,
                55.702529175
              ],
              [
                37.653046883,
                55.702477826
              ],
              [
                37.653090049,
                55.702452623
              ],
              [
                37.652410074,
                55.702080718
              ],
              [
                37.652083475,
                55.702271087
              ],
              [
                37.652824179,
                55.702676062
              ],
              [
                37.652772126,
                55.702706395
              ],
              [
                37.652942202,
                55.702799416
              ],
              [
                37.652982352,
                55.702775924
              ],
              [
                37.653074643,
                55.702826467
              ]
            ]
          ]
        ]
      }
    },
    {
      "type": "Feature",
      "properties": {
        "id": 33,
        "object_type": "restriction",
        "restriction_type": "oks",
        "address": "Автозаводская улица, дом 21, корпус 1"
      },
      "geometry": {
        "type": "MultiPolygon",
        "coordinates": [
          [
            [
              [
                37.652677634,
                55.702111471
              ],
              [
                37.65272253,
                55.702136249
              ],
              [
                37.652702823,
                55.70214776
              ],
              [
                37.652750029,
                55.70217362
              ],
              [
                37.652769912,
                55.702162
              ],
              [
                37.652843133,
                55.702202807
              ],
              [
                37.652858639,
                55.702193845
              ],
              [
                37.652883022,
                55.702207729
              ],
              [
                37.6529487,
                55.702169452
              ],
              [
                37.652924602,
                55.702155726
              ],
              [
                37.653057268,
                55.702079061
              ],
              [
                37.653174766,
                55.702143936
              ],
              [
                37.653148856,
                55.702158973
              ],
              [
                37.653208468,
                55.702191638
              ],
              [
                37.653259079,
                55.702161395
              ],
              [
                37.653474125,
                55.702280028
              ],
              [
                37.653429943,
                55.702305097
              ],
              [
                37.653489861,
                55.702338443
              ],
              [
                37.653520597,
                55.702320319
              ],
              [
                37.653795097,
                55.702471685
              ],
              [
                37.654005202,
                55.702350224
              ],
              [
                37.653946502,
                55.702318073
              ],
              [
                37.653969175,
                55.702304926
              ],
              [
                37.653924124,
                55.702279886
              ],
              [
                37.653901452,
                55.702293034
              ],
              [
                37.653727358,
                55.702197146
              ],
              [
                37.653762199,
                55.702176797
              ],
              [
                37.653736777,
                55.702161994
              ],
              [
                37.653712071,
                55.702175836
              ],
              [
                37.653418543,
                55.702014042
              ],
              [
                37.653441441,
                55.702001225
              ],
              [
                37.653415417,
                55.701986934
              ],
              [
                37.653355504,
                55.702021656
              ],
              [
                37.653137374,
                55.701900728
              ],
              [
                37.653175176,
                55.701879294
              ],
              [
                37.653126578,
                55.701852262
              ],
              [
                37.653088792,
                55.701873697
              ],
              [
                37.652677634,
                55.702111471
              ]
            ]
          ]
        ]
      }
    },
    {
      "type": "Feature",
      "properties": {
        "id": 34,
        "object_type": "restriction",
        "restriction_type": "oks",
        "address": "Автозаводская улица, дом 25, строение 7"
      },
      "geometry": {
        "type": "MultiPolygon",
        "coordinates": [
          [
            [
              [
                37.630274634,
                55.70346769
              ],
              [
                37.630479679,
                55.703464886
              ],
              [
                37.630480775,
                55.703490278
              ],
              [
                37.630596103,
                55.7034887
              ],
              [
                37.630591474,
                55.703381076
              ],
              [
                37.63046908,
                55.70338275
              ],
              [
                37.630466034,
                55.703312157
              ],
              [
                37.63026807,
                55.703314872
              ],
              [
                37.630274634,
                55.70346769
              ]
            ]
          ]
        ]
      }
    },
    {
      "type": "Feature",
      "properties": {
        "id": 35,
        "object_type": "restriction",
        "restriction_type": "oks",
        "address": "Автозаводская улица, дом 25, строение 1"
      },
      "geometry": {
        "type": "MultiPolygon",
        "coordinates": [
          [
            [
              [
                37.632638259,
                55.704193989
              ],
              [
                37.633080587,
                55.704183527
              ],
              [
                37.633077707,
                55.704144681
              ],
              [
                37.633235949,
                55.704140937
              ],
              [
                37.633224018,
                55.70398021
              ],
              [
                37.632623435,
                55.703994417
              ],
              [
                37.632638259,
                55.704193989
              ]
            ]
          ]
        ]
      }
    },
    {
      "type": "Feature",
      "properties": {
        "id": 36,
        "object_type": "restriction",
        "restriction_type": "oks",
        "address": "Автозаводская улица, дом 23, строение 299"
      },
      "geometry": {
        "type": "MultiPolygon",
        "coordinates": [
          [
            [
              [
                37.652460756,
                55.701914601
              ],
              [
                37.652521513,
                55.701952738
              ],
              [
                37.652652553,
                55.701886417
              ],
              [
                37.652591796,
                55.701848279
              ],
              [
                37.652460756,
                55.701914601
              ]
            ]
          ]
        ]
      }
    },
    {
      "type": "Feature",
      "properties": {
        "id": 37,
        "object_type": "restriction",
        "restriction_type": "oks",
        "address": "Автозаводская улица, дом 23, строение 249"
      },
      "geometry": {
        "type": "MultiPolygon",
        "coordinates": [
          [
            [
              [
                37.631681824,
                55.696687324
              ],
              [
                37.631703146,
                55.696724088
              ],
              [
                37.631842929,
                55.696698273
              ],
              [
                37.631821605,
                55.69666151
              ],
              [
                37.631681824,
                55.696687324
              ]
            ]
          ]
        ]
      }
    },
    {
      "type": "Feature",
      "properties": {
        "id": 38,
        "object_type": "restriction",
        "restriction_type": "oks",
        "address": "Автозаводская улица, дом 23А"
      },
      "geometry": {
        "type": "MultiPolygon",
        "coordinates": [
          [
            [
              [
                37.645893923,
                55.702434224
              ],
              [
                37.645301508,
                55.70047095
              ],
              [
                37.643513479,
                55.700642979
              ],
              [
                37.643539077,
                55.700727917
              ],
              [
                37.64370761,
                55.700711734
              ],
              [
                37.643709702,
                55.700718379
              ],
              [
                37.64374961,
                55.700714559
              ],
              [
                37.643774081,
                55.700795636
              ],
              [
                37.643730835,
                55.700799819
              ],
              [
                37.643712319,
                55.700738135
              ],
              [
                37.643546966,
                55.700754045
              ],
              [
                37.643775745,
                55.701512387
              ],
              [
                37.643984348,
                55.701492294
              ],
              [
                37.644166287,
                55.702095752
              ],
              [
                37.644119223,
                55.702100208
              ],
              [
                37.644172839,
                55.702277806
              ],
              [
                37.644219903,
                55.70227326
              ],
              [
                37.644314257,
                55.702586257
              ],
              [
                37.645893923,
                55.702434224
              ]
            ]
          ]
        ]
      }
    },
    {
      "type": "Feature",
      "properties": {
        "id": 39,
        "object_type": "restriction",
        "restriction_type": "oks",
        "address": "Автозаводская улица, дом 23, строение 88"
      },
      "geometry": {
        "type": "MultiPolygon",
        "coordinates": [
          [
            [
              [
                37.631112263,
                55.694728575
              ],
              [
                37.631164017,
                55.694805804
              ],
              [
                37.630954636,
                55.694850513
              ],
              [
                37.631194647,
                55.695208436
              ],
              [
                37.63140454,
                55.695163439
              ],
              [
                37.631810994,
                55.695767862
              ],
              [
                37.633868546,
                55.695326194
              ],
              [
                37.633912689,
                55.695392021
              ],
              [
                37.634450534,
                55.695276512
              ],
              [
                37.63448962,
                55.695334646
              ],
              [
                37.636419967,
                55.694921308
              ],
              [
                37.635727036,
                55.693881166
              ],
              [
                37.635700278,
                55.69383785
              ],
              [
                37.635571624,
                55.693863086
              ],
              [
                37.63555843,
                55.693841712
              ],
              [
                37.635487275,
                55.693855765
              ],
              [
                37.635539722,
                55.693941198
              ],
              [
                37.632715721,
                55.694546919
              ],
              [
                37.63262084,
                55.694405573
              ],
              [
                37.631112263,
                55.694728575
              ]
            ]
          ]
        ]
      }
    },
    {
      "type": "Feature",
      "properties": {
        "id": 40,
        "object_type": "restriction",
        "restriction_type": "oks",
        "address": "Автозаводская улица, дом 25, строение 12"
      },
      "geometry": {
        "type": "MultiPolygon",
        "coordinates": [
          [
            [
              [
                37.631566703,
                55.702844083
              ],
              [
                37.632152643,
                55.702835373
              ],
              [
                37.632158994,
                55.702974316
              ],
              [
                37.633029954,
                55.702961435
              ],
              [
                37.633019999,
                55.702745342
              ],
              [
                37.632149044,
                55.702758223
              ],
              [
                37.632127443,
                55.702293435
              ],
              [
                37.631541511,
                55.702302055
              ],
              [
                37.631566703,
                55.702844083
              ]
            ]
          ]
        ]
      }
    },
    {
      "type": "Feature",
      "properties": {
        "id": 41,
        "object_type": "restriction",
        "restriction_type": "oks",
        "address": "Автозаводская улица, дом 25, строение 6"
      },
      "geometry": {
        "type": "MultiPolygon",
        "coordinates": [
          [
            [
              [
                37.630354745,
                55.703867943
              ],
              [
                37.631077796,
                55.703859196
              ],
              [
                37.631071302,
                55.703680732
              ],
              [
                37.630348561,
                55.703690838
              ],
              [
                37.630354745,
                55.703867943
              ]
            ]
          ]
        ]
      }
    },
    {
      "type": "Feature",
      "properties": {
        "id": 42,
        "object_type": "restriction",
        "restriction_type": "oks",
        "address": "Автозаводская улица, дом 25, корпус 1"
      },
      "geometry": {
        "type": "MultiPolygon",
        "coordinates": [
          [
            [
              [
                37.632256917,
                55.702698175
              ],
              [
                37.63259984,
                55.702704082
              ],
              [
                37.632603181,
                55.702644191
              ],
              [
                37.632843566,
                55.702648209
              ],
              [
                37.632848791,
                55.702548679
              ],
              [
                37.632603855,
                55.70254438
              ],
              [
                37.632616696,
                55.702307957
              ],
              [
                37.632409632,
                55.70230447
              ],
              [
                37.632392505,
                55.702620463
              ],
              [
                37.632261198,
                55.702618321
              ],
              [
                37.632256917,
                55.702698175
              ]
            ]
          ]
        ]
      }
    },
    {
      "type": "Feature",
      "properties": {
        "id": 43,
        "object_type": "restriction",
        "restriction_type": "oks",
        "address": "Автозаводская улица, дом 25, строение 3"
      },
      "geometry": {
        "type": "MultiPolygon",
        "coordinates": [
          [
            [
              [
                37.631788114,
                55.703657703
              ],
              [
                37.631787083,
                55.703947413
              ],
              [
                37.632346554,
                55.703944516
              ],
              [
                37.63234678,
                55.703415316
              ],
              [
                37.631765094,
                55.703415937
              ],
              [
                37.631773306,
                55.703557831
              ],
              [
                37.631885279,
                55.703556275
              ],
              [
                37.631883919,
                55.703533554
              ],
              [
                37.632068443,
                55.703531944
              ],
              [
                37.632071062,
                55.703715568
              ],
              [
                37.631939776,
                55.703715708
              ],
              [
                37.631939578,
                55.703656401
              ],
              [
                37.631788114,
                55.703657703
              ]
            ]
          ]
        ]
      }
    },
    {
      "type": "Feature",
      "properties": {
        "id": 44,
        "object_type": "restriction",
        "restriction_type": "oks",
        "address": "Автозаводская улица, дом 23А, корпус 2"
      },
      "geometry": {
        "type": "MultiPolygon",
        "coordinates": [
          [
            [
              [
                37.647763472,
                55.703104192
              ],
              [
                37.649336592,
                55.7029435
              ],
              [
                37.649337235,
                55.702945295
              ],
              [
                37.650636234,
                55.702812941
              ],
              [
                37.650561148,
                55.702578075
              ],
              [
                37.650561215,
                55.702578068
              ],
              [
                37.650493603,
                55.702366807
              ],
              [
                37.649739175,
                55.702443621
              ],
              [
                37.649748515,
                55.702473699
              ],
              [
                37.649624498,
                55.702486244
              ],
              [
                37.649624515,
                55.702486298
              ],
              [
                37.649508133,
                55.702498123
              ],
              [
                37.649508114,
                55.702498062
              ],
              [
                37.649270098,
                55.702522242
              ],
              [
                37.649203638,
                55.702529058
              ],
              [
                37.649203683,
                55.702531186
              ],
              [
                37.648833349,
                55.702569564
              ],
              [
                37.648857321,
                55.702641839
              ],
              [
                37.64765451,
                55.702763282
              ],
              [
                37.647763472,
                55.703104192
              ]
            ]
          ]
        ]
      }
    },
    {
      "type": "Feature",
      "properties": {
        "id": 45,
        "object_type": "restriction",
        "restriction_type": "oks",
        "address": "Автозаводская улица, дом 23А, корпус 3"
      },
      "geometry": {
        "type": "MultiPolygon",
        "coordinates": [
          [
            [
              [
                37.647823314,
                55.702402199
              ],
              [
                37.647915531,
                55.702392658
              ],
              [
                37.647910702,
                55.702377574
              ],
              [
                37.64867403,
                55.702298156
              ],
              [
                37.648585526,
                55.70202701
              ],
              [
                37.647822203,
                55.702106428
              ],
              [
                37.647817216,
                55.702091434
              ],
              [
                37.647725,
                55.702100976
              ],
              [
                37.647823314,
                55.702402199
              ]
            ]
          ]
        ]
      }
    },
    {
      "type": "Feature",
      "properties": {
        "id": 46,
        "object_type": "restriction",
        "restriction_type": "oks",
        "address": "Автозаводская улица, дом 23А, корпус 4"
      },
      "geometry": {
        "type": "MultiPolygon",
        "coordinates": [
          [
            [
              [
                37.647027647,
                55.701958008
              ],
              [
                37.648014218,
                55.70186207
              ],
              [
                37.648014205,
                55.701862031
              ],
              [
                37.648178301,
                55.701846065
              ],
              [
                37.647960213,
                55.701131017
              ],
              [
                37.647960254,
                55.701131013
              ],
              [
                37.647688594,
                55.700240428
              ],
              [
                37.646537985,
                55.700352366
              ],
              [
                37.646690468,
                55.700852653
              ],
              [
                37.646690563,
                55.700852691
              ],
              [
                37.646983107,
                55.701811964
              ],
              [
                37.646983043,
                55.701812016
              ],
              [
                37.647003493,
                55.701878907
              ],
              [
                37.647003522,
                55.701878905
              ],
              [
                37.647027647,
                55.701958008
              ]
            ]
          ]
        ]
      }
    },
    {
      "type": "Feature",
      "properties": {
        "id": 47,
        "object_type": "restriction",
        "restriction_type": "oks",
        "address": "Автозаводская улица, дом 23, строение 205А"
      },
      "geometry": {
        "type": "MultiPolygon",
        "coordinates": [
          [
            [
              [
                37.632422297,
                55.696369593
              ],
              [
                37.633142333,
                55.696210918
              ],
              [
                37.633072326,
                55.696106983
              ],
              [
                37.63234543,
                55.69625857
              ],
              [
                37.632422297,
                55.696369593
              ]
            ]
          ]
        ]
      }
    },
    {
      "type": "Feature",
      "properties": {
        "id": 48,
        "object_type": "restriction",
        "restriction_type": "oks",
        "address": "Автозаводская улица, дом 23, строение 205Б"
      },
      "geometry": {
        "type": "MultiPolygon",
        "coordinates": [
          [
            [
              [
                37.633142333,
                55.696210918
              ],
              [
                37.633318567,
                55.696172106
              ],
              [
                37.633453949,
                55.696373872
              ],
              [
                37.633500671,
                55.696363762
              ],
              [
                37.633296084,
                55.696060396
              ],
              [
                37.633072326,
                55.696106983
              ],
              [
                37.633142333,
                55.696210918
              ]
            ]
          ]
        ]
      }
    },
    {
      "type": "Feature",
      "properties": {
        "id": 49,
        "object_type": "restriction",
        "restriction_type": "oks",
        "address": "Автозаводская улица, дом 23, строение 205В"
      },
      "geometry": {
        "type": "MultiPolygon",
        "coordinates": [
          [
            [
              [
                37.633500671,
                55.696363762
              ],
              [
                37.633631617,
                55.696335687
              ],
              [
                37.634221361,
                55.696211996
              ],
              [
                37.634255248,
                55.696262347
              ],
              [
                37.635018527,
                55.696102716
              ],
              [
                37.634983353,
                55.696048144
              ],
              [
                37.63565714,
                55.695902528
              ],
              [
                37.63531236,
                55.695392198
              ],
              [
                37.633288618,
                55.695828133
              ],
              [
                37.63342433,
                55.696033671
              ],
              [
                37.633296084,
                55.696060396
              ],
              [
                37.633500671,
                55.696363762
              ]
            ]
          ]
        ]
      }
    },
    {
      "type": "Feature",
      "properties": {
        "id": 50,
        "object_type": "restriction",
        "restriction_type": "oks",
        "address": "Автозаводская улица, дом 23, строение 205Г"
      },
      "geometry": {
        "type": "MultiPolygon",
        "coordinates": [
          [
            [
              [
                37.63565714,
                55.695902528
              ],
              [
                37.635880093,
                55.69585459
              ],
              [
                37.63553531,
                55.69534417
              ],
              [
                37.63531236,
                55.695392198
              ],
              [
                37.63565714,
                55.695902528
              ]
            ]
          ]
        ]
      }
    },
    {
      "type": "Feature",
      "properties": {
        "id": 51,
        "object_type": "restriction",
        "restriction_type": "oks",
        "address": "Автозаводская улица, дом 23, строение 20А"
      },
      "geometry": {
        "type": "MultiPolygon",
        "coordinates": [
          [
            [
              [
                37.632049558,
                55.693434538
              ],
              [
                37.632156008,
                55.693596367
              ],
              [
                37.632391192,
                55.693547074
              ],
              [
                37.632651082,
                55.693939931
              ],
              [
                37.632398733,
                55.693992836
              ],
              [
                37.632514944,
                55.69417181
              ],
              [
                37.63318857,
                55.694032495
              ],
              [
                37.633175303,
                55.69401221
              ],
              [
                37.633496302,
                55.693945757
              ],
              [
                37.63352108,
                55.693984172
              ],
              [
                37.633816813,
                55.693923135
              ],
              [
                37.633791875,
                55.69388472
              ],
              [
                37.633869578,
                55.69386757
              ],
              [
                37.633903928,
                55.693914777
              ],
              [
                37.6343309,
                55.693821082
              ],
              [
                37.634297977,
                55.693772885
              ],
              [
                37.635276658,
                55.693560473
              ],
              [
                37.635314217,
                55.693615491
              ],
              [
                37.63539335,
                55.693598339
              ],
              [
                37.635380723,
                55.69357949
              ],
              [
                37.635524528,
                55.693548255
              ],
              [
                37.635057198,
                55.692861206
              ],
              [
                37.634917843,
                55.692891357
              ],
              [
                37.634880932,
                55.692839483
              ],
              [
                37.633900654,
                55.693045246
              ],
              [
                37.633872203,
                55.693002254
              ],
              [
                37.633427746,
                55.693095428
              ],
              [
                37.633456197,
                55.69313869
              ],
              [
                37.632049558,
                55.693434538
              ]
            ]
          ]
        ]
      }
    },
    {
      "type": "Feature",
      "properties": {
        "id": 52,
        "object_type": "restriction",
        "restriction_type": "oks",
        "address": "Автозаводская улица, дом 25, строение 11"
      },
      "geometry": {
        "type": "MultiPolygon",
        "coordinates": [
          [
            [
              [
                37.63283785,
                55.703490054
              ],
              [
                37.633003481,
                55.703489876
              ],
              [
                37.633003127,
                55.703384943
              ],
              [
                37.632837496,
                55.703385121
              ],
              [
                37.63283785,
                55.703490054
              ]
            ]
          ]
        ]
      }
    },
    {
      "type": "Feature",
      "properties": {
        "id": 53,
        "object_type": "restriction",
        "restriction_type": "oks",
        "address": "Автозаводская улица, дом 25, строение 10"
      },
      "geometry": {
        "type": "MultiPolygon",
        "coordinates": [
          [
            [
              [
                37.632399699,
                55.703277646
              ],
              [
                37.632487497,
                55.703276834
              ],
              [
                37.632487486,
                55.7032736
              ],
              [
                37.632563195,
                55.703272441
              ],
              [
                37.632563136,
                55.703254837
              ],
              [
                37.632640094,
                55.703254142
              ],
              [
                37.632639536,
                55.703270203
              ],
              [
                37.632682163,
                55.703269798
              ],
              [
                37.632681472,
                55.703253632
              ],
              [
                37.63287361,
                55.703251988
              ],
              [
                37.632873668,
                55.703269233
              ],
              [
                37.632925202,
                55.703268819
              ],
              [
                37.632925145,
                55.703251933
              ],
              [
                37.633067304,
                55.703250289
              ],
              [
                37.633066572,
                55.703033593
              ],
              [
                37.632999916,
                55.703032516
              ],
              [
                37.633001407,
                55.703009
              ],
              [
                37.632936928,
                55.703008647
              ],
              [
                37.632936343,
                55.703042831
              ],
              [
                37.632874817,
                55.703042494
              ],
              [
                37.632873936,
                55.703094976
              ],
              [
                37.632935512,
                55.703095313
              ],
              [
                37.632934639,
                55.703145254
              ],
              [
                37.632845793,
                55.703145951
              ],
              [
                37.632844696,
                55.70312507
              ],
              [
                37.632786139,
                55.703125699
              ],
              [
                37.632786209,
                55.703146421
              ],
              [
                37.632729654,
                55.703146868
              ],
              [
                37.632725373,
                55.703019141
              ],
              [
                37.632366598,
                55.703021969
              ],
              [
                37.632368791,
                55.703110762
              ],
              [
                37.632395182,
                55.703110554
              ],
              [
                37.632399699,
                55.703277646
              ]
            ]
          ]
        ]
      }
    },
    {
      "type": "Feature",
      "properties": {
        "id": 54,
        "object_type": "restriction",
        "restriction_type": "oks",
        "address": "Автозаводская улица, дом 25, корпус 1, строение 2"
      },
      "geometry": {
        "type": "MultiPolygon",
        "coordinates": [
          [
            [
              [
                37.632554801,
                55.702225607
              ],
              [
                37.632617934,
                55.702228392
              ],
              [
                37.63262335,
                55.702185324
              ],
              [
                37.632651623,
                55.702186436
              ],
              [
                37.63268318,
                55.701959116
              ],
              [
                37.63259227,
                55.701955223
              ],
              [
                37.632554801,
                55.702225607
              ]
            ]
          ]
        ]
      }
    },
    {
      "type": "Feature",
      "properties": {
        "id": 55,
        "object_type": "restriction",
        "restriction_type": "oks",
        "address": "Автозаводская улица, дом 23, строение 231"
      },
      "geometry": {
        "type": "MultiPolygon",
        "coordinates": [
          [
            [
              [
                37.641071599,
                55.702639082
              ],
              [
                37.641092033,
                55.702702082
              ],
              [
                37.641212181,
                55.702689683
              ],
              [
                37.641191747,
                55.702626682
              ],
              [
                37.641071599,
                55.702639082
              ]
            ]
          ]
        ]
      }
    },
    {
      "type": "Feature",
      "properties": {
        "id": 56,
        "object_type": "restriction",
        "restriction_type": "oks",
        "address": "Автозаводская улица, дом 25, строение 4"
      },
      "geometry": {
        "type": "MultiPolygon",
        "coordinates": [
          [
            [
              [
                37.630449214,
                55.704349354
              ],
              [
                37.631093514,
                55.704344107
              ],
              [
                37.631088905,
                55.704163711
              ],
              [
                37.630444608,
                55.70416896
              ],
              [
                37.630449214,
                55.704349354
              ]
            ]
          ]
        ]
      }
    },
    {
      "type": "Feature",
      "properties": {
        "id": 57,
        "object_type": "restriction",
        "restriction_type": "oks",
        "address": "Автозаводская улица, дом 23, корпус 7"
      },
      "geometry": {
        "type": "MultiPolygon",
        "coordinates": [
          [
            [
              [
                37.638439751,
                55.703186225
              ],
              [
                37.638614099,
                55.703725553
              ],
              [
                37.638546208,
                55.703731777
              ],
              [
                37.638558348,
                55.703773972
              ],
              [
                37.638629143,
                55.70376748
              ],
              [
                37.638643768,
                55.703818306
              ],
              [
                37.638573285,
                55.703824776
              ],
              [
                37.638608023,
                55.703941076
              ],
              [
                37.638645165,
                55.703937433
              ],
              [
                37.638685213,
                55.704057314
              ],
              [
                37.638791208,
                55.704046937
              ],
              [
                37.638787109,
                55.704029833
              ],
              [
                37.64083347,
                55.703821087
              ],
              [
                37.640839598,
                55.703840451
              ],
              [
                37.641489293,
                55.703778541
              ],
              [
                37.641483154,
                55.703756019
              ],
              [
                37.641566448,
                55.703748507
              ],
              [
                37.641537298,
                55.703646164
              ],
              [
                37.641600404,
                55.703640388
              ],
              [
                37.641582501,
                55.703577387
              ],
              [
                37.641481023,
                55.703586626
              ],
              [
                37.641284304,
                55.702892987
              ],
              [
                37.640531851,
                55.702970569
              ],
              [
                37.640481544,
                55.702975746
              ],
              [
                37.638822938,
                55.703146723
              ],
              [
                37.638772815,
                55.70315189
              ],
              [
                37.638439751,
                55.703186225
              ]
            ]
          ]
        ]
      }
    },
    {
      "type": "Feature",
      "properties": {
        "id": 58,
        "object_type": "restriction",
        "restriction_type": "oks",
        "address": "Автозаводская улица, дом 23, корпус 8"
      },
      "geometry": {
        "type": "MultiPolygon",
        "coordinates": [
          [
            [
              [
                37.638115701,
                55.702754498
              ],
              [
                37.638389337,
                55.702729951
              ],
              [
                37.638369381,
                55.702656115
              ],
              [
                37.638437533,
                55.70265005
              ],
              [
                37.638425767,
                55.702607858
              ],
              [
                37.638356093,
                55.70261421
              ],
              [
                37.638292168,
                55.702386426
              ],
              [
                37.638316409,
                55.702384403
              ],
              [
                37.638308734,
                55.702357605
              ],
              [
                37.638426378,
                55.702348063
              ],
              [
                37.638416671,
                55.702317846
              ],
              [
                37.638273284,
                55.702330268
              ],
              [
                37.638254879,
                55.702263844
              ],
              [
                37.637984786,
                55.702288101
              ],
              [
                37.638038484,
                55.702478822
              ],
              [
                37.637985471,
                55.702483445
              ],
              [
                37.638000808,
                55.702538181
              ],
              [
                37.638053821,
                55.702533558
              ],
              [
                37.638115701,
                55.702754498
              ]
            ]
          ]
        ]
      }
    },
    {
      "type": "Feature",
      "properties": {
        "id": 59,
        "object_type": "restriction",
        "restriction_type": "oks",
        "address": "Автозаводская улица, дом 23, корпус 14"
      },
      "geometry": {
        "type": "MultiPolygon",
        "coordinates": [
          [
            [
              [
                37.635951295,
                55.703747849
              ],
              [
                37.636003791,
                55.703899071
              ],
              [
                37.636170928,
                55.703880563
              ],
              [
                37.636165202,
                55.703864019
              ],
              [
                37.636510595,
                55.703825781
              ],
              [
                37.636516525,
                55.703842882
              ],
              [
                37.636680355,
                55.703824746
              ],
              [
                37.636658822,
                55.703762727
              ],
              [
                37.636686439,
                55.703759614
              ],
              [
                37.636674874,
                55.703727292
              ],
              [
                37.636647644,
                55.703730543
              ],
              [
                37.636638666,
                55.703704697
              ],
              [
                37.636627667,
                55.703672977
              ],
              [
                37.636369166,
                55.703701589
              ],
              [
                37.636356582,
                55.703665255
              ],
              [
                37.6361894,
                55.703683725
              ],
              [
                37.636201999,
                55.703720097
              ],
              [
                37.635951295,
                55.703747849
              ]
            ]
          ]
        ]
      }
    },
    {
      "type": "Feature",
      "properties": {
        "id": 60,
        "object_type": "restriction",
        "restriction_type": "oks",
        "address": "Автозаводская улица, дом 23, корпус 5"
      },
      "geometry": {
        "type": "MultiPolygon",
        "coordinates": [
          [
            [
              [
                37.643699809,
                55.703544703
              ],
              [
                37.643563649,
                55.703107445
              ],
              [
                37.643560459,
                55.703107764
              ],
              [
                37.643557733,
                55.703099009
              ],
              [
                37.643259669,
                55.703128735
              ],
              [
                37.643254453,
                55.703111577
              ],
              [
                37.642807236,
                55.703127185
              ],
              [
                37.642803053,
                55.703114166
              ],
              [
                37.64229234,
                55.703165144
              ],
              [
                37.642446696,
                55.70366768
              ],
              [
                37.643699809,
                55.703544703
              ]
            ]
          ]
        ]
      }
    },
    {
      "type": "Feature",
      "properties": {
        "id": 61,
        "object_type": "restriction",
        "restriction_type": "oks",
        "address": "Автозаводская улица, дом 23, строение 247"
      },
      "geometry": {
        "type": "MultiPolygon",
        "coordinates": [
          [
            [
              [
                37.631557553,
                55.693648051
              ],
              [
                37.631613923,
                55.69373526
              ],
              [
                37.63172237,
                55.69371375
              ],
              [
                37.631666472,
                55.693625667
              ],
              [
                37.631557553,
                55.693648051
              ]
            ]
          ]
        ]
      }
    },
    {
      "type": "Feature",
      "properties": {
        "id": 62,
        "object_type": "restriction",
        "restriction_type": "oks",
        "address": "Автозаводская улица, дом 23, строение 120"
      },
      "geometry": {
        "type": "MultiPolygon",
        "coordinates": [
          [
            [
              [
                37.643630015,
                55.702722592
              ],
              [
                37.64362776,
                55.70271496
              ],
              [
                37.643668968,
                55.702718325
              ],
              [
                37.643681537,
                55.702719298
              ],
              [
                37.643875008,
                55.702734881
              ],
              [
                37.643887578,
                55.702735944
              ],
              [
                37.644095686,
                55.702752767
              ],
              [
                37.644108414,
                55.70275374
              ],
              [
                37.644150736,
                55.702757194
              ],
              [
                37.644158261,
                55.702727096
              ],
              [
                37.644115939,
                55.702723642
              ],
              [
                37.64410337,
                55.702722579
              ],
              [
                37.643895102,
                55.702705846
              ],
              [
                37.643882533,
                55.702704783
              ],
              [
                37.643689221,
                55.7026892
              ],
              [
                37.643676493,
                55.702688227
              ],
              [
                37.643618261,
                55.702683534
              ],
              [
                37.643602966,
                55.702632984
              ],
              [
                37.643657185,
                55.702627622
              ],
              [
                37.643678968,
                55.702625441
              ],
              [
                37.643655782,
                55.702548314
              ],
              [
                37.643633523,
                55.702550585
              ],
              [
                37.643579462,
                55.702555678
              ],
              [
                37.643505894,
                55.702314511
              ],
              [
                37.643559953,
                55.702309149
              ],
              [
                37.643581895,
                55.702306967
              ],
              [
                37.643558551,
                55.70222984
              ],
              [
                37.643536291,
                55.702232022
              ],
              [
                37.64348239,
                55.702237204
              ],
              [
                37.643430233,
                55.70206625
              ],
              [
                37.643465372,
                55.702062886
              ],
              [
                37.643480636,
                55.702061342
              ],
              [
                37.643736464,
                55.702036613
              ],
              [
                37.643751569,
                55.702035159
              ],
              [
                37.644071156,
                55.702004248
              ],
              [
                37.644086261,
                55.702002793
              ],
              [
                37.644136822,
                55.701997884
              ],
              [
                37.644127163,
                55.701966189
              ],
              [
                37.644076442,
                55.701971099
              ],
              [
                37.644061178,
                55.701972554
              ],
              [
                37.643741751,
                55.702003464
              ],
              [
                37.643726487,
                55.702004919
              ],
              [
                37.643470977,
                55.702029647
              ],
              [
                37.643455872,
                55.702031102
              ],
              [
                37.643420574,
                55.702034556
              ],
              [
                37.643408662,
                55.701995588
              ],
              [
                37.643463198,
                55.701990226
              ],
              [
                37.64348514,
                55.701987955
              ],
              [
                37.643461796,
                55.701910828
              ],
              [
                37.643439536,
                55.701913099
              ],
              [
                37.643385159,
                55.701918282
              ],
              [
                37.643311752,
                55.701677114
              ],
              [
                37.643365493,
                55.701671843
              ],
              [
                37.643387434,
                55.701669661
              ],
              [
                37.64336409,
                55.701592445
              ],
              [
                37.643341831,
                55.701594716
              ],
              [
                37.64328809,
                55.701599898
              ],
              [
                37.643241407,
                55.701446452
              ],
              [
                37.643146111,
                55.701133725
              ],
              [
                37.643144984,
                55.701130133
              ],
              [
                37.643199202,
                55.701124951
              ],
              [
                37.643222415,
                55.701122678
              ],
              [
                37.64319811,
                55.701043487
              ],
              [
                37.643121316,
                55.701050941
              ],
              [
                37.643105219,
                55.700998326
              ],
              [
                37.643022462,
                55.700721511
              ],
              [
                37.643004933,
                55.700668628
              ],
              [
                37.643058991,
                55.700663446
              ],
              [
                37.64308125,
                55.700661354
              ],
              [
                37.643053235,
                55.700567616
              ],
              [
                37.6429766,
                55.700574891
              ],
              [
                37.642943447,
                55.700467686
              ],
              [
                37.643491176,
                55.700414955
              ],
              [
                37.643480709,
                55.700379579
              ],
              [
                37.643504717,
                55.700377306
              ],
              [
                37.643496989,
                55.700351626
              ],
              [
                37.642924778,
                55.700407169
              ],
              [
                37.642917857,
                55.700384813
              ],
              [
                37.642972232,
                55.70037945
              ],
              [
                37.642994173,
                55.700377269
              ],
              [
                37.642970831,
                55.700300142
              ],
              [
                37.642948572,
                55.700302324
              ],
              [
                37.642894356,
                55.700307596
              ],
              [
                37.642778141,
                55.699926181
              ],
              [
                37.642832516,
                55.699920999
              ],
              [
                37.642854615,
                55.699918817
              ],
              [
                37.642831274,
                55.69984169
              ],
              [
                37.642808696,
                55.699843692
              ],
              [
                37.64275464,
                55.699848964
              ],
              [
                37.642753833,
                55.699845732
              ],
              [
                37.642715993,
                55.699849368
              ],
              [
                37.642716959,
                55.699852601
              ],
              [
                37.641987036,
                55.699923501
              ],
              [
                37.641953724,
                55.699815487
              ],
              [
                37.641789082,
                55.69958646
              ],
              [
                37.641694217,
                55.699610011
              ],
              [
                37.641853586,
                55.699832219
              ],
              [
                37.641884805,
                55.699933498
              ],
              [
                37.641794181,
                55.699942225
              ],
              [
                37.641725815,
                55.69994886
              ],
              [
                37.641694494,
                55.69995195
              ],
              [
                37.64163519,
                55.699957677
              ],
              [
                37.641634545,
                55.699955163
              ],
              [
                37.641591776,
                55.699959074
              ],
              [
                37.641598701,
                55.699983227
              ],
              [
                37.641603789,
                55.699982772
              ],
              [
                37.641774717,
                55.700544032
              ],
              [
                37.64144608,
                55.700576294
              ],
              [
                37.641462334,
                55.700629269
              ],
              [
                37.641355332,
                55.70063972
              ],
              [
                37.641357103,
                55.700645736
              ],
              [
                37.641455043,
                55.700636103
              ],
              [
                37.64145649,
                55.700640503
              ],
              [
                37.641459988,
                55.700640139
              ],
              [
                37.641472863,
                55.70068225
              ],
              [
                37.641469365,
                55.700682613
              ],
              [
                37.641472583,
                55.700692938
              ],
              [
                37.641476081,
                55.700692575
              ],
              [
                37.641489116,
                55.700734955
              ],
              [
                37.641485618,
                55.700735318
              ],
              [
                37.641488998,
                55.700746362
              ],
              [
                37.641492496,
                55.700745998
              ],
              [
                37.641505531,
                55.700788288
              ],
              [
                37.641502033,
                55.700788651
              ],
              [
                37.641505573,
                55.700799964
              ],
              [
                37.641509071,
                55.700799601
              ],
              [
                37.641522105,
                55.700841801
              ],
              [
                37.641518449,
                55.700842164
              ],
              [
                37.641521667,
                55.700852579
              ],
              [
                37.641539633,
                55.700850763
              ],
              [
                37.641538989,
                55.700848608
              ],
              [
                37.641760467,
                55.700826887
              ],
              [
                37.641773503,
                55.700869356
              ],
              [
                37.641578895,
                55.700888441
              ],
              [
                37.641580665,
                55.700894188
              ],
              [
                37.641872738,
                55.700865919
              ],
              [
                37.641919414,
                55.701018826
              ],
              [
                37.641923438,
                55.701032204
              ],
              [
                37.641915488,
                55.701032932
              ],
              [
                37.641920317,
                55.701048914
              ],
              [
                37.641821423,
                55.701058639
              ],
              [
                37.641823032,
                55.701063846
              ],
              [
                37.641921927,
                55.701054122
              ],
              [
                37.641925789,
                55.701066692
              ],
              [
                37.641933739,
                55.701065964
              ],
              [
                37.64195595,
                55.701138512
              ],
              [
                37.641948,
                55.70113933
              ],
              [
                37.641956048,
                55.701165907
              ],
              [
                37.641791489,
                55.701181994
              ],
              [
                37.641793098,
                55.701187201
              ],
              [
                37.641957658,
                55.701171114
              ],
              [
                37.641964256,
                55.701192394
              ],
              [
                37.641919578,
                55.701196756
              ],
              [
                37.641921027,
                55.701201515
              ],
              [
                37.641965705,
                55.701197242
              ],
              [
                37.64197697,
                55.701233786
              ],
              [
                37.641984601,
                55.701232968
              ],
              [
                37.641988785,
                55.701246257
              ],
              [
                37.642034337,
                55.701396022
              ],
              [
                37.641951659,
                55.701404111
              ],
              [
                37.641953268,
                55.701409318
              ],
              [
                37.642035946,
                55.701401229
              ],
              [
                37.642081659,
                55.701551443
              ],
              [
                37.641910261,
                55.701568347
              ],
              [
                37.641917181,
                55.701590793
              ],
              [
                37.642088579,
                55.70157398
              ],
              [
                37.64246588,
                55.702812232
              ],
              [
                37.642460951,
                55.702812687
              ],
              [
                37.642468196,
                55.70283684
              ],
              [
                37.642510808,
                55.702832659
              ],
              [
                37.642510324,
                55.702830594
              ],
              [
                37.642686657,
                55.702813504
              ],
              [
                37.642828169,
                55.702799868
              ],
              [
                37.643589788,
                55.702726501
              ],
              [
                37.643630015,
                55.702722592
              ]
            ],
            [
              [
                37.642162107,
                55.701762604
              ],
              [
                37.642148103,
                55.701716543
              ],
              [
                37.642142379,
                55.701717088
              ],
              [
                37.642140286,
                55.701710265
              ],
              [
                37.642146169,
                55.701709719
              ],
              [
                37.642132165,
                55.701663389
              ],
              [
                37.64212501,
                55.701664116
              ],
              [
                37.642122917,
                55.701657292
              ],
              [
                37.642138976,
                55.701655746
              ],
              [
                37.642141069,
                55.70166257
              ],
              [
                37.642136299,
                55.701663025
              ],
              [
                37.642150303,
                55.701709265
              ],
              [
                37.642156345,
                55.701708719
              ],
              [
                37.642158278,
                55.701715543
              ],
              [
                37.642152395,
                55.701716089
              ],
              [
                37.642166399,
                55.70176215
              ],
              [
                37.642172282,
                55.701761604
              ],
              [
                37.642174535,
                55.701768877
              ],
              [
                37.642158477,
                55.701770422
              ],
              [
                37.642156224,
                55.701763149
              ],
              [
                37.642162107,
                55.701762604
              ]
            ],
            [
              [
                37.642258373,
                55.702081528
              ],
              [
                37.642244368,
                55.702035198
              ],
              [
                37.642238644,
                55.702035744
              ],
              [
                37.642236711,
                55.70202892
              ],
              [
                37.642242276,
                55.702028374
              ],
              [
                37.642230202,
                55.701988419
              ],
              [
                37.642224478,
                55.701988964
              ],
              [
                37.642222707,
                55.701982949
              ],
              [
                37.642238766,
                55.701981403
              ],
              [
                37.642240537,
                55.701987419
              ],
              [
                37.642234018,
                55.701988055
              ],
              [
                37.642246092,
                55.702028011
              ],
              [
                37.642252611,
                55.702027374
              ],
              [
                37.642254703,
                55.702034198
              ],
              [
                37.642248343,
                55.702034834
              ],
              [
                37.642262348,
                55.702081164
              ],
              [
                37.642268708,
                55.702080528
              ],
              [
                37.6422708,
                55.702087352
              ],
              [
                37.642254741,
                55.702088898
              ],
              [
                37.642252649,
                55.702082074
              ],
              [
                37.642258373,
                55.702081528
              ]
            ],
            [
              [
                37.641831428,
                55.700701329
              ],
              [
                37.641849077,
                55.700699692
              ],
              [
                37.64185117,
                55.700706785
              ],
              [
                37.641833521,
                55.700708422
              ],
              [
                37.641831428,
                55.700701329
              ]
            ],
            [
              [
                37.641962267,
                55.70112602
              ],
              [
                37.641979756,
                55.701124294
              ],
              [
                37.641982008,
                55.701131387
              ],
              [
                37.64196436,
                55.701133113
              ],
              [
                37.641962267,
                55.70112602
              ]
            ],
            [
              [
                37.641702342,
                55.700276456
              ],
              [
                37.641719831,
                55.700274729
              ],
              [
                37.641721924,
                55.700281912
              ],
              [
                37.641704435,
                55.700283549
              ],
              [
                37.641702342,
                55.700276456
              ]
            ],
            [
              [
                37.641734374,
                55.700382674
              ],
              [
                37.641751864,
                55.700381037
              ],
              [
                37.641754116,
                55.70038813
              ],
              [
                37.641736627,
                55.700389767
              ],
              [
                37.641734374,
                55.700382674
              ]
            ],
            [
              [
                37.64167015,
                55.700170237
              ],
              [
                37.641687639,
                55.7001686
              ],
              [
                37.641689891,
                55.700175604
              ],
              [
                37.641672243,
                55.70017733
              ],
              [
                37.64167015,
                55.700170237
              ]
            ],
            [
              [
                37.641815173,
                55.700648175
              ],
              [
                37.641832662,
                55.700646538
              ],
              [
                37.641834756,
                55.700653631
              ],
              [
                37.641817266,
                55.700655268
              ],
              [
                37.641815173,
                55.700648175
              ]
            ],
            [
              [
                37.642058688,
                55.701444765
              ],
              [
                37.642074747,
                55.70144322
              ],
              [
                37.642076839,
                55.701450044
              ],
              [
                37.642060781,
                55.701451589
              ],
              [
                37.642058688,
                55.701444765
              ]
            ],
            [
              [
                37.642172322,
                55.701816483
              ],
              [
                37.64218838,
                55.701814938
              ],
              [
                37.642190473,
                55.701821761
              ],
              [
                37.642174414,
                55.701823307
              ],
              [
                37.642172322,
                55.701816483
              ]
            ],
            [
              [
                37.64184832,
                55.700754482
              ],
              [
                37.641864378,
                55.700752937
              ],
              [
                37.641866471,
                55.70075976
              ],
              [
                37.641850412,
                55.700761306
              ],
              [
                37.64184832,
                55.700754482
              ]
            ],
            [
              [
                37.642268746,
                55.702135138
              ],
              [
                37.642284805,
                55.702133593
              ],
              [
                37.642286898,
                55.702140416
              ],
              [
                37.642270839,
                55.702141962
              ],
              [
                37.642268746,
                55.702135138
              ]
            ],
            [
              [
                37.642025859,
                55.701338637
              ],
              [
                37.642041917,
                55.701337092
              ],
              [
                37.64204401,
                55.701343916
              ],
              [
                37.642027951,
                55.701345461
              ],
              [
                37.642025859,
                55.701338637
              ]
            ],
            [
              [
                37.642042592,
                55.701391701
              ],
              [
                37.64205865,
                55.701390155
              ],
              [
                37.642060743,
                55.701396979
              ],
              [
                37.642044684,
                55.701398525
              ],
              [
                37.642042592,
                55.701391701
              ]
            ],
            [
              [
                37.642074785,
                55.701497919
              ],
              [
                37.642090844,
                55.701496374
              ],
              [
                37.642092777,
                55.701503198
              ],
              [
                37.642076878,
                55.701504743
              ],
              [
                37.642074785,
                55.701497919
              ]
            ],
            [
              [
                37.641622817,
                55.700010864
              ],
              [
                37.641638716,
                55.700009318
              ],
              [
                37.641640808,
                55.700016142
              ],
              [
                37.64162475,
                55.700017688
              ],
              [
                37.641622817,
                55.700010864
              ]
            ],
            [
              [
                37.642106979,
                55.701604137
              ],
              [
                37.642122879,
                55.701602592
              ],
              [
                37.642124971,
                55.701609416
              ],
              [
                37.642108913,
                55.701610961
              ],
              [
                37.642106979,
                55.701604137
              ]
            ],
            [
              [
                37.641687041,
                55.70022339
              ],
              [
                37.64170294,
                55.700221845
              ],
              [
                37.641705032,
                55.700228669
              ],
              [
                37.641688974,
                55.700230214
              ],
              [
                37.641687041,
                55.70022339
              ]
            ],
            [
              [
                37.641929597,
                55.701019982
              ],
              [
                37.641945497,
                55.701018437
              ],
              [
                37.641947589,
                55.701025261
              ],
              [
                37.64193153,
                55.701026806
              ],
              [
                37.641929597,
                55.701019982
              ]
            ],
            [
              [
                37.641767362,
                55.700488982
              ],
              [
                37.641783261,
                55.700487436
              ],
              [
                37.641785354,
                55.70049426
              ],
              [
                37.641769295,
                55.700495806
              ],
              [
                37.641767362,
                55.700488982
              ]
            ],
            [
              [
                37.641784094,
                55.700542045
              ],
              [
                37.641800153,
                55.7005405
              ],
              [
                37.641802086,
                55.700547324
              ],
              [
                37.641786186,
                55.700548869
              ],
              [
                37.641784094,
                55.700542045
              ]
            ],
            [
              [
                37.642204516,
                55.701922701
              ],
              [
                37.642220575,
                55.701921156
              ],
              [
                37.642222508,
                55.70192798
              ],
              [
                37.642206608,
                55.701929525
              ],
              [
                37.642204516,
                55.701922701
              ]
            ],
            [
              [
                37.642009762,
                55.701285483
              ],
              [
                37.642025821,
                55.701284028
              ],
              [
                37.642027913,
                55.701290762
              ],
              [
                37.642011854,
                55.701292307
              ],
              [
                37.642009762,
                55.701285483
              ]
            ],
            [
              [
                37.642091042,
                55.701551073
              ],
              [
                37.642106941,
                55.701549528
              ],
              [
                37.642109034,
                55.701556352
              ],
              [
                37.642093134,
                55.701557897
              ],
              [
                37.642091042,
                55.701551073
              ]
            ],
            [
              [
                37.641995917,
                55.701239243
              ],
              [
                37.641993824,
                55.701232419
              ],
              [
                37.642009724,
                55.701230874
              ],
              [
                37.642011816,
                55.701237697
              ],
              [
                37.641995917,
                55.701239243
              ]
            ],
            [
              [
                37.6419135,
                55.700966828
              ],
              [
                37.6419294,
                55.700965283
              ],
              [
                37.641931492,
                55.700972107
              ],
              [
                37.641915593,
                55.700973652
              ],
              [
                37.6419135,
                55.700966828
              ]
            ],
            [
              [
                37.64180019,
                55.700595199
              ],
              [
                37.64181609,
                55.700593654
              ],
              [
                37.641818182,
                55.700600478
              ],
              [
                37.641802282,
                55.700601933
              ],
              [
                37.64180019,
                55.700595199
              ]
            ],
            [
              [
                37.641894678,
                55.70090748
              ],
              [
                37.641910577,
                55.700905934
              ],
              [
                37.641912348,
                55.70091195
              ],
              [
                37.641896449,
                55.700913495
              ],
              [
                37.641894678,
                55.70090748
              ]
            ],
            [
              [
                37.641898703,
                55.700921038
              ],
              [
                37.641914761,
                55.700919492
              ],
              [
                37.641916532,
                55.700925418
              ],
              [
                37.641900474,
                55.700926964
              ],
              [
                37.641898703,
                55.700921038
              ]
            ],
            [
              [
                37.643467958,
                55.700372229
              ],
              [
                37.643480679,
                55.700371316
              ],
              [
                37.64348261,
                55.700377601
              ],
              [
                37.64346989,
                55.700378604
              ],
              [
                37.643467958,
                55.700372229
              ]
            ],
            [
              [
                37.643214114,
                55.700414918
              ],
              [
                37.643201553,
                55.70041592
              ],
              [
                37.643199621,
                55.700409546
              ],
              [
                37.643212182,
                55.700408543
              ],
              [
                37.643214114,
                55.700414918
              ]
            ],
            [
              [
                37.643402292,
                55.700421615
              ],
              [
                37.643400361,
                55.70041524
              ],
              [
                37.643412922,
                55.700414238
              ],
              [
                37.643414854,
                55.700420613
              ],
              [
                37.643402292,
                55.700421615
              ]
            ],
            [
              [
                37.642978235,
                55.70045561
              ],
              [
                37.642990796,
                55.700454607
              ],
              [
                37.642992887,
                55.700460982
              ],
              [
                37.642980166,
                55.700461895
              ],
              [
                37.642978235,
                55.70045561
              ]
            ],
            [
              [
                37.642966655,
                55.700420414
              ],
              [
                37.642979217,
                55.700419501
              ],
              [
                37.642981307,
                55.700425786
              ],
              [
                37.642968587,
                55.700426789
              ],
              [
                37.642966655,
                55.700420414
              ]
            ],
            [
              [
                37.642976799,
                55.700410702
              ],
              [
                37.642964238,
                55.700411705
              ],
              [
                37.642962147,
                55.70040533
              ],
              [
                37.642974868,
                55.700404417
              ],
              [
                37.642976799,
                55.700410702
              ]
            ],
            [
              [
                37.643383317,
                55.700364513
              ],
              [
                37.643396037,
                55.70036351
              ],
              [
                37.643397968,
                55.700369795
              ],
              [
                37.643385248,
                55.700370798
              ],
              [
                37.643383317,
                55.700364513
              ]
            ],
            [
              [
                37.643392637,
                55.700390819
              ],
              [
                37.643405358,
                55.700389816
              ],
              [
                37.643407289,
                55.700396101
              ],
              [
                37.643394728,
                55.700397104
              ],
              [
                37.643392637,
                55.700390819
              ]
            ],
            [
              [
                37.643462653,
                55.700356606
              ],
              [
                37.643475214,
                55.700355694
              ],
              [
                37.643477146,
                55.700361979
              ],
              [
                37.643464585,
                55.700362981
              ],
              [
                37.643462653,
                55.700356606
              ]
            ],
            [
              [
                37.642985163,
                55.70043647
              ],
              [
                37.642972602,
                55.700437473
              ],
              [
                37.64297067,
                55.700431098
              ],
              [
                37.642983232,
                55.700430185
              ],
              [
                37.642985163,
                55.70043647
              ]
            ],
            [
              [
                37.643197538,
                55.700405147
              ],
              [
                37.643195606,
                55.700398862
              ],
              [
                37.643208167,
                55.700397859
              ],
              [
                37.643210099,
                55.700404234
              ],
              [
                37.643197538,
                55.700405147
              ]
            ],
            [
              [
                37.643209117,
                55.700440342
              ],
              [
                37.643207186,
                55.700434057
              ],
              [
                37.643219747,
                55.700433055
              ],
              [
                37.643221678,
                55.70043934
              ],
              [
                37.643209117,
                55.700440342
              ]
            ],
            [
              [
                37.643390713,
                55.70038642
              ],
              [
                37.643388781,
                55.700380135
              ],
              [
                37.643401342,
                55.700379132
              ],
              [
                37.643403274,
                55.700385417
              ],
              [
                37.643390713,
                55.70038642
              ]
            ],
            [
              [
                37.643191096,
                55.700383328
              ],
              [
                37.643203658,
                55.700382326
              ],
              [
                37.643205589,
                55.700388611
              ],
              [
                37.643193028,
                55.700389613
              ],
              [
                37.643191096,
                55.700383328
              ]
            ]
          ]
        ]
      }
    },
    {
      "type": "Feature",
      "properties": {
        "id": 63,
        "object_type": "restriction",
        "restriction_type": "oks",
        "address": "Автозаводская улица, дом 25, строение 14"
      },
      "geometry": {
        "type": "MultiPolygon",
        "coordinates": [
          [
            [
              [
                37.629623918,
                55.702127845
              ],
              [
                37.630446411,
                55.702136378
              ],
              [
                37.630446169,
                55.702042555
              ],
              [
                37.629627151,
                55.702034018
              ],
              [
                37.629623918,
                55.702127845
              ]
            ]
          ]
        ]
      }
    },
    {
      "type": "Feature",
      "properties": {
        "id": 64,
        "object_type": "restriction",
        "restriction_type": "oks",
        "address": "Автозаводская улица, дом 23, строение 753"
      },
      "geometry": {
        "type": "MultiPolygon",
        "coordinates": [
          [
            [
              [
                37.640329139,
                55.702751716
              ],
              [
                37.640357222,
                55.702838663
              ],
              [
                37.640634369,
                55.702810116
              ],
              [
                37.640598115,
                55.702697227
              ],
              [
                37.6405118,
                55.702706167
              ],
              [
                37.640519968,
                55.702732108
              ],
              [
                37.640329139,
                55.702751716
              ]
            ]
          ]
        ]
      }
    },
    {
      "type": "Feature",
      "properties": {
        "id": 65,
        "object_type": "restriction",
        "restriction_type": "oks",
        "address": "Автозаводская улица, дом 23, корпус 6"
      },
      "geometry": {
        "type": "MultiPolygon",
        "coordinates": [
          [
            [
              [
                37.64172952,
                55.703543748
              ],
              [
                37.641734926,
                55.703543202
              ],
              [
                37.641735892,
                55.703546435
              ],
              [
                37.642021631,
                55.703520598
              ],
              [
                37.642020666,
                55.703517545
              ],
              [
                37.642026231,
                55.703517
              ],
              [
                37.642040927,
                55.703534408
              ],
              [
                37.642041732,
                55.703536922
              ],
              [
                37.642049206,
                55.703536374
              ],
              [
                37.641989132,
                55.70333022
              ],
              [
                37.641978987,
                55.703295741
              ],
              [
                37.641894395,
                55.703303383
              ],
              [
                37.641889401,
                55.703285964
              ],
              [
                37.641730234,
                55.703300339
              ],
              [
                37.641735228,
                55.703317758
              ],
              [
                37.641648251,
                55.703325672
              ],
              [
                37.641658396,
                55.70336033
              ],
              [
                37.641718626,
                55.703566304
              ],
              [
                37.6417261,
                55.703565667
              ],
              [
                37.641725454,
                55.703562973
              ],
              [
                37.64172952,
                55.703543748
              ]
            ]
          ]
        ]
      }
    },
    {
      "type": "Feature",
      "properties": {
        "id": 66,
        "object_type": "restriction",
        "restriction_type": "oks",
        "address": "Автозаводская улица, дом 25, корпус 2"
      },
      "geometry": {
        "type": "MultiPolygon",
        "coordinates": [
          [
            [
              [
                37.630307131,
                55.701600041
              ],
              [
                37.630253486,
                55.701427122
              ],
              [
                37.630007075,
                55.701451461
              ],
              [
                37.629999074,
                55.701424713
              ],
              [
                37.629852459,
                55.701439285
              ],
              [
                37.629860848,
                55.701466181
              ],
              [
                37.629572207,
                55.701494895
              ],
              [
                37.629626152,
                55.70166765
              ],
              [
                37.630307131,
                55.701600041
              ]
            ]
          ]
        ]
      }
    },
    {
      "type": "Feature",
      "properties": {
        "id": 67,
        "object_type": "restriction",
        "restriction_type": "oks",
        "address": "Автозаводская улица, дом 25, строение 8"
      },
      "geometry": {
        "type": "MultiPolygon",
        "coordinates": [
          [
            [
              [
                37.630706356,
                55.703309837
              ],
              [
                37.630924488,
                55.703309614
              ],
              [
                37.630929353,
                55.703427998
              ],
              [
                37.631050119,
                55.703426451
              ],
              [
                37.631037548,
                55.703111921
              ],
              [
                37.630909699,
                55.703113555
              ],
              [
                37.630908632,
                55.703087034
              ],
              [
                37.630697546,
                55.703089727
              ],
              [
                37.630706356,
                55.703309837
              ]
            ]
          ]
        ]
      }
    },
    {
      "type": "Feature",
      "properties": {
        "id": 68,
        "object_type": "restriction",
        "restriction_type": "oks",
        "address": "Автозаводская улица, дом 25, строение 16"
      },
      "geometry": {
        "type": "MultiPolygon",
        "coordinates": [
          [
            [
              [
                37.631956395,
                55.703243341
              ],
              [
                37.631995716,
                55.703243501
              ],
              [
                37.632023466,
                55.703233486
              ],
              [
                37.632038628,
                55.703216976
              ],
              [
                37.632037142,
                55.703198398
              ],
              [
                37.632019403,
                55.703182728
              ],
              [
                37.631990168,
                55.703174166
              ],
              [
                37.631957268,
                55.703175006
              ],
              [
                37.631929519,
                55.703185022
              ],
              [
                37.631914355,
                55.703201531
              ],
              [
                37.631915843,
                55.703220109
              ],
              [
                37.631928905,
                55.703233101
              ],
              [
                37.631956395,
                55.703243341
              ]
            ]
          ]
        ]
      }
    },
    {
      "type": "Feature",
      "properties": {
        "id": 69,
        "object_type": "restriction",
        "restriction_type": "oks",
        "address": "Автозаводская улица, дом 25"
      },
      "geometry": {
        "type": "MultiPolygon",
        "coordinates": [
          [
            [
              [
                37.629627644,
                55.702322043
              ],
              [
                37.629650556,
                55.702858718
              ],
              [
                37.629775746,
                55.702859361
              ],
              [
                37.629778542,
                55.702935524
              ],
              [
                37.629975771,
                55.702934599
              ],
              [
                37.629988844,
                55.703040212
              ],
              [
                37.63125488,
                55.703018754
              ],
              [
                37.63125264,
                55.702987635
              ],
              [
                37.631410012,
                55.702986254
              ],
              [
                37.631376041,
                55.702361262
              ],
              [
                37.631373301,
                55.702299095
              ],
              [
                37.631229381,
                55.702300962
              ],
              [
                37.631226646,
                55.702239936
              ],
              [
                37.630828233,
                55.702245206
              ],
              [
                37.630830952,
                55.702305946
              ],
              [
                37.629627644,
                55.702322043
              ]
            ]
          ]
        ]
      }
    },
    {
      "type": "Feature",
      "properties": {
        "id": 70,
        "object_type": "restriction",
        "restriction_type": "oks",
        "address": "Автозаводская улица, дом 21"
      },
      "geometry": {
        "type": "MultiPolygon",
        "coordinates": [
          [
            [
              [
                37.652564641,
                55.702662569
              ],
              [
                37.652351072,
                55.702548476
              ],
              [
                37.652019558,
                55.702746511
              ],
              [
                37.651829281,
                55.702646363
              ],
              [
                37.651877627,
                55.702612083
              ],
              [
                37.651910013,
                55.702628013
              ],
              [
                37.651922084,
                55.702616592
              ],
              [
                37.651928089,
                55.702602894
              ],
              [
                37.65192801,
                55.702582363
              ],
              [
                37.651913804,
                55.70256413
              ],
              [
                37.65189155,
                55.70255275
              ],
              [
                37.651861214,
                55.702544803
              ],
              [
                37.651814755,
                55.702544859
              ],
              [
                37.651788515,
                55.702551736
              ],
              [
                37.651724028,
                55.702589458
              ],
              [
                37.651549947,
                55.702499557
              ],
              [
                37.651535309,
                55.702508604
              ],
              [
                37.651522077,
                55.702501902
              ],
              [
                37.651494784,
                55.702519181
              ],
              [
                37.651507654,
                55.702525694
              ],
              [
                37.651257737,
                55.702680144
              ],
              [
                37.65146319,
                55.702788545
              ],
              [
                37.651399705,
                55.70282484
              ],
              [
                37.651310781,
                55.702815449
              ],
              [
                37.651313386,
                55.702830894
              ],
              [
                37.651319161,
                55.702843821
              ],
              [
                37.651326839,
                55.702854949
              ],
              [
                37.651341515,
                55.702866069
              ],
              [
                37.651552179,
                55.702967125
              ],
              [
                37.651559474,
                55.702961548
              ],
              [
                37.651563955,
                55.702968548
              ],
              [
                37.651578309,
                55.70297877
              ],
              [
                37.651599348,
                55.702990061
              ],
              [
                37.651612734,
                55.702996332
              ],
              [
                37.651631607,
                55.702984556
              ],
              [
                37.651720277,
                55.703029661
              ],
              [
                37.651724525,
                55.703030775
              ],
              [
                37.65172898,
                55.703031039
              ],
              [
                37.651733749,
                55.703030404
              ],
              [
                37.651738086,
                55.703028811
              ],
              [
                37.651815069,
                55.7029841
              ],
              [
                37.651927091,
                55.703045865
              ],
              [
                37.651940128,
                55.703051937
              ],
              [
                37.651952012,
                55.703054519
              ],
              [
                37.651968859,
                55.703055577
              ],
              [
                37.651983389,
                55.703053619
              ],
              [
                37.651992171,
                55.70304993
              ],
              [
                37.652003517,
                55.703041419
              ],
              [
                37.65222712,
                55.702913099
              ],
              [
                37.652234681,
                55.70291285
              ],
              [
                37.652249594,
                55.702909455
              ],
              [
                37.652261513,
                55.702904801
              ],
              [
                37.652268218,
                55.702897614
              ],
              [
                37.652271157,
                55.702890011
              ],
              [
                37.652269658,
                55.70288537
              ],
              [
                37.652267528,
                55.702883676
              ],
              [
                37.652264646,
                55.702876997
              ],
              [
                37.652232896,
                55.702860179
              ],
              [
                37.652261368,
                55.702843742
              ],
              [
                37.652564641,
                55.702662569
              ]
            ]
          ]
        ]
      }
    },
    {
      "type": "Feature",
      "properties": {
        "id": 71,
        "object_type": "restriction",
        "restriction_type": "oks",
        "address": "улица Архитектора Щусева, дом 1"
      },
      "geometry": {
        "type": "MultiPolygon",
        "coordinates": [
          [
            [
              [
                37.636283719,
                55.700220402
              ],
              [
                37.637971688,
                55.699857367
              ],
              [
                37.637492867,
                55.699147616
              ],
              [
                37.635805084,
                55.699510645
              ],
              [
                37.636283719,
                55.700220402
              ]
            ],
            [
              [
                37.63609543,
                55.699582808
              ],
              [
                37.63620064,
                55.699560148
              ],
              [
                37.636289844,
                55.699692262
              ],
              [
                37.636350224,
                55.699675939
              ],
              [
                37.636406136,
                55.699655219
              ],
              [
                37.636450914,
                55.699634152
              ],
              [
                37.636500595,
                55.699605175
              ],
              [
                37.636564105,
                55.699574118
              ],
              [
                37.636627159,
                55.699549078
              ],
              [
                37.636686733,
                55.699529701
              ],
              [
                37.63674203,
                55.699515089
              ],
              [
                37.636816568,
                55.699499558
              ],
              [
                37.636898911,
                55.699487521
              ],
              [
                37.636952969,
                55.69948279
              ],
              [
                37.637012759,
                55.69947967
              ],
              [
                37.637066037,
                55.699479252
              ],
              [
                37.637159407,
                55.699482382
              ],
              [
                37.637229699,
                55.699480687
              ],
              [
                37.63726595,
                55.699477593
              ],
              [
                37.637313959,
                55.699471072
              ],
              [
                37.637345111,
                55.699465289
              ],
              [
                37.637256064,
                55.699333355
              ],
              [
                37.637361112,
                55.699310514
              ],
              [
                37.637680217,
                55.699783592
              ],
              [
                37.636414522,
                55.7000558
              ],
              [
                37.63609543,
                55.699582808
              ]
            ]
          ]
        ]
      }
    },
    {
      "type": "Feature",
      "properties": {
        "id": 72,
        "object_type": "restriction",
        "restriction_type": "oks",
        "address": "улица Архитектора Щусева, дом 3"
      },
      "geometry": {
        "type": "MultiPolygon",
        "coordinates": [
          [
            [
              [
                37.6356423,
                55.699302084
              ],
              [
                37.636012351,
                55.699222496
              ],
              [
                37.636013876,
                55.699224791
              ],
              [
                37.636051701,
                55.699216665
              ],
              [
                37.636050169,
                55.699214362
              ],
              [
                37.636064727,
                55.699211231
              ],
              [
                37.636066322,
                55.699213506
              ],
              [
                37.636103987,
                55.699205381
              ],
              [
                37.636102479,
                55.699203112
              ],
              [
                37.636205305,
                55.699180995
              ],
              [
                37.636206811,
                55.699183262
              ],
              [
                37.636244635,
                55.699175136
              ],
              [
                37.63624307,
                55.699172873
              ],
              [
                37.636303436,
                55.699159889
              ],
              [
                37.636305027,
                55.699162225
              ],
              [
                37.636342692,
                55.6991541
              ],
              [
                37.636341149,
                55.699151778
              ],
              [
                37.636354125,
                55.699148988
              ],
              [
                37.636355724,
                55.699151301
              ],
              [
                37.636393389,
                55.699143176
              ],
              [
                37.636391857,
                55.699140872
              ],
              [
                37.636408067,
                55.699137386
              ],
              [
                37.636409599,
                55.699139655
              ],
              [
                37.636447423,
                55.69913153
              ],
              [
                37.636445853,
                55.699129258
              ],
              [
                37.636558752,
                55.699104976
              ],
              [
                37.636560259,
                55.699107244
              ],
              [
                37.636598083,
                55.699099118
              ],
              [
                37.636596571,
                55.699096842
              ],
              [
                37.636612748,
                55.699093363
              ],
              [
                37.636614294,
                55.699095687
              ],
              [
                37.636651958,
                55.699087562
              ],
              [
                37.636650427,
                55.699085258
              ],
              [
                37.636663425,
                55.699082463
              ],
              [
                37.636664991,
                55.699084853
              ],
              [
                37.636702815,
                55.699076727
              ],
              [
                37.636701189,
                55.69907434
              ],
              [
                37.636764682,
                55.699060684
              ],
              [
                37.636766225,
                55.699063005
              ],
              [
                37.636804049,
                55.699054879
              ],
              [
                37.636802501,
                55.699052549
              ],
              [
                37.636905028,
                55.699030497
              ],
              [
                37.636906554,
                55.69903276
              ],
              [
                37.636944696,
                55.699024634
              ],
              [
                37.63694311,
                55.699022306
              ],
              [
                37.637008344,
                55.699008276
              ],
              [
                37.637009855,
                55.69901055
              ],
              [
                37.637047678,
                55.699002425
              ],
              [
                37.637046109,
                55.699000153
              ],
              [
                37.637365833,
                55.698931384
              ],
              [
                37.636873606,
                55.698201526
              ],
              [
                37.6351501,
                55.698572219
              ],
              [
                37.6356423,
                55.699302084
              ]
            ],
            [
              [
                37.635802084,
                55.699101793
              ],
              [
                37.635528725,
                55.698696293
              ],
              [
                37.635504092,
                55.698701529
              ],
              [
                37.635481392,
                55.698667782
              ],
              [
                37.636714311,
                55.698402626
              ],
              [
                37.63701054,
                55.69884196
              ],
              [
                37.635802084,
                55.699101793
              ]
            ]
          ]
        ]
      }
    },
    {
      "type": "Feature",
      "properties": {
        "id": 73,
        "object_type": "restriction",
        "restriction_type": "oks",
        "address": "Автозаводская улица, дом 23Б, корпус 2"
      },
      "geometry": {
        "type": "MultiPolygon",
        "coordinates": [
          [
            [
              [
                37.652383283,
                55.701457683
              ],
              [
                37.652271044,
                55.701388931
              ],
              [
                37.651883791,
                55.701151479
              ],
              [
                37.651683709,
                55.701028943
              ],
              [
                37.651296144,
                55.70079131
              ],
              [
                37.651097501,
                55.700669579
              ],
              [
                37.651097201,
                55.700669846
              ],
              [
                37.650706332,
                55.700432193
              ],
              [
                37.650729776,
                55.700419435
              ],
              [
                37.649411089,
                55.69961833
              ],
              [
                37.64941474,
                55.69961635
              ],
              [
                37.64939848,
                55.699606489
              ],
              [
                37.649401972,
                55.699604689
              ],
              [
                37.64934825,
                55.69957197
              ],
              [
                37.649216533,
                55.69969051
              ],
              [
                37.649185,
                55.699679321
              ],
              [
                37.648954216,
                55.699887081
              ],
              [
                37.648969983,
                55.69989272
              ],
              [
                37.64895255,
                55.699908998
              ],
              [
                37.648947772,
                55.699907298
              ],
              [
                37.64889911,
                55.699951098
              ],
              [
                37.648915843,
                55.699961402
              ],
              [
                37.648866237,
                55.700006017
              ],
              [
                37.649066619,
                55.700127838
              ],
              [
                37.649074524,
                55.700120755
              ],
              [
                37.649078507,
                55.700117225
              ],
              [
                37.64907848,
                55.700117209
              ],
              [
                37.649201683,
                55.700006803
              ],
              [
                37.649412254,
                55.700134696
              ],
              [
                37.649402889,
                55.700139737
              ],
              [
                37.649551305,
                55.700229915
              ],
              [
                37.649551388,
                55.70025183
              ],
              [
                37.649542593,
                55.700266927
              ],
              [
                37.649542242,
                55.70026724
              ],
              [
                37.649537444,
                55.7002655
              ],
              [
                37.649488783,
                55.70030939
              ],
              [
                37.649505453,
                55.700319567
              ],
              [
                37.649456543,
                55.70036359
              ],
              [
                37.64965693,
                55.7004855
              ],
              [
                37.649706056,
                55.700441481
              ],
              [
                37.649710053,
                55.700443939
              ],
              [
                37.649795011,
                55.700367401
              ],
              [
                37.650150511,
                55.700583252
              ],
              [
                37.650143686,
                55.700586853
              ],
              [
                37.650149975,
                55.7006093
              ],
              [
                37.650149368,
                55.700609849
              ],
              [
                37.65014934,
                55.70060984
              ],
              [
                37.650131811,
                55.700625401
              ],
              [
                37.650127127,
                55.700623789
              ],
              [
                37.650125701,
                55.700625138
              ],
              [
                37.650078466,
                55.700667679
              ],
              [
                37.650095114,
                55.700677658
              ],
              [
                37.650045275,
                55.700722419
              ],
              [
                37.650246621,
                55.700844866
              ],
              [
                37.650388009,
                55.70071796
              ],
              [
                37.650777303,
                55.70095469
              ],
              [
                37.650636081,
                55.701080435
              ],
              [
                37.650834568,
                55.701202615
              ],
              [
                37.650978195,
                55.701074631
              ],
              [
                37.650982958,
                55.701077137
              ],
              [
                37.651335134,
                55.701293707
              ],
              [
                37.651365585,
                55.701312442
              ],
              [
                37.651222135,
                55.701440339
              ],
              [
                37.651422376,
                55.701562966
              ],
              [
                37.651563772,
                55.701436871
              ],
              [
                37.651892986,
                55.701638284
              ],
              [
                37.651951287,
                55.701674198
              ],
              [
                37.651925977,
                55.701696805
              ],
              [
                37.652127935,
                55.70176886
              ],
              [
                37.652193585,
                55.70175872
              ],
              [
                37.65247097,
                55.701511466
              ],
              [
                37.6523856,
                55.701459143
              ],
              [
                37.652383283,
                55.701457683
              ]
            ],
            [
              [
                37.649554525,
                55.700407572
              ],
              [
                37.64954549,
                55.700415667
              ],
              [
                37.649534012,
                55.700408675
              ],
              [
                37.649543047,
                55.70040058
              ],
              [
                37.649554525,
                55.700407572
              ]
            ],
            [
              [
                37.648966279,
                55.70004865
              ],
              [
                37.648957244,
                55.700056744
              ],
              [
                37.648945766,
                55.700049752
              ],
              [
                37.648954801,
                55.700041658
              ],
              [
                37.648966279,
                55.70004865
              ]
            ],
            [
              [
                37.649480555,
                55.700362393
              ],
              [
                37.64947152,
                55.700370488
              ],
              [
                37.649460042,
                55.700363496
              ],
              [
                37.649469077,
                55.700355401
              ],
              [
                37.649480555,
                55.700362393
              ]
            ],
            [
              [
                37.648892151,
                55.700003471
              ],
              [
                37.648883116,
                55.700011565
              ],
              [
                37.648871639,
                55.700004573
              ],
              [
                37.648880674,
                55.699996479
              ],
              [
                37.648892151,
                55.700003471
              ]
            ],
            [
              [
                37.650105796,
                55.700743992
              ],
              [
                37.650096761,
                55.700752086
              ],
              [
                37.650085282,
                55.700745095
              ],
              [
                37.650094317,
                55.700737
              ],
              [
                37.650105796,
                55.700743992
              ]
            ],
            [
              [
                37.650142781,
                55.700766581
              ],
              [
                37.650133746,
                55.700774676
              ],
              [
                37.650122268,
                55.700767684
              ],
              [
                37.650131303,
                55.700759589
              ],
              [
                37.650142781,
                55.700766581
              ]
            ],
            [
              [
                37.649592147,
                55.70043052
              ],
              [
                37.649583112,
                55.700438614
              ],
              [
                37.649571634,
                55.700431623
              ],
              [
                37.649580669,
                55.700423528
              ],
              [
                37.649592147,
                55.70043052
              ]
            ],
            [
              [
                37.649041364,
                55.700094546
              ],
              [
                37.649032329,
                55.700102641
              ],
              [
                37.649020851,
                55.700095649
              ],
              [
                37.649029886,
                55.700087554
              ],
              [
                37.649041364,
                55.700094546
              ]
            ],
            [
              [
                37.64951754,
                55.700384982
              ],
              [
                37.649508505,
                55.700393077
              ],
              [
                37.649497027,
                55.700386085
              ],
              [
                37.649506062,
                55.70037799
              ],
              [
                37.64951754,
                55.700384982
              ]
            ],
            [
              [
                37.650255173,
                55.700835245
              ],
              [
                37.650246138,
                55.70084325
              ],
              [
                37.65023466,
                55.700836258
              ],
              [
                37.650243695,
                55.700828253
              ],
              [
                37.650255173,
                55.700835245
              ]
            ],
            [
              [
                37.650217869,
                55.700812477
              ],
              [
                37.650208833,
                55.700820482
              ],
              [
                37.650197355,
                55.70081349
              ],
              [
                37.65020639,
                55.700805485
              ],
              [
                37.650217869,
                55.700812477
              ]
            ],
            [
              [
                37.648929136,
                55.70002606
              ],
              [
                37.64892026,
                55.700034155
              ],
              [
                37.648908782,
                55.700027163
              ],
              [
                37.648917658,
                55.700019068
              ],
              [
                37.648929136,
                55.70002606
              ]
            ],
            [
              [
                37.650068651,
                55.700721403
              ],
              [
                37.650059775,
                55.700729497
              ],
              [
                37.650048297,
                55.700722505
              ],
              [
                37.650057173,
                55.700714411
              ],
              [
                37.650068651,
                55.700721403
              ]
            ],
            [
              [
                37.649629611,
                55.700453468
              ],
              [
                37.649620735,
                55.700461562
              ],
              [
                37.649609257,
                55.70045457
              ],
              [
                37.649618133,
                55.700446476
              ],
              [
                37.649629611,
                55.700453468
              ]
            ],
            [
              [
                37.649003742,
                55.700071598
              ],
              [
                37.648994707,
                55.700079693
              ],
              [
                37.648983388,
                55.7000727
              ],
              [
                37.648992264,
                55.700064606
              ],
              [
                37.649003742,
                55.700071598
              ]
            ],
            [
              [
                37.650180245,
                55.700789529
              ],
              [
                37.650171369,
                55.700797623
              ],
              [
                37.650159891,
                55.700790632
              ],
              [
                37.650168926,
                55.700782537
              ],
              [
                37.650180245,
                55.700789529
              ]
            ],
            [
              [
                37.649666914,
                55.700476237
              ],
              [
                37.649658038,
                55.700484241
              ],
              [
                37.64964656,
                55.700477249
              ],
              [
                37.649655436,
                55.700469245
              ],
              [
                37.649666914,
                55.700476237
              ]
            ]
          ]
        ]
      }
    },
    {
      "type": "Feature",
      "properties": {
        "id": 74,
        "object_type": "restriction",
        "restriction_type": "oks",
        "address": "улица Архитектора Щусева, дом 2, корпус 3"
      },
      "geometry": {
        "type": "MultiPolygon",
        "coordinates": [
          [
            [
              [
                37.634477609,
                55.700601686
              ],
              [
                37.634002359,
                55.699896948
              ],
              [
                37.633759673,
                55.699949126
              ],
              [
                37.634107034,
                55.700464218
              ],
              [
                37.634069288,
                55.700495695
              ],
              [
                37.633162695,
                55.700584519
              ],
              [
                37.63313436,
                55.700577454
              ],
              [
                37.632843437,
                55.700146189
              ],
              [
                37.632600907,
                55.700198275
              ],
              [
                37.632972392,
                55.700749182
              ],
              [
                37.634477609,
                55.700601686
              ]
            ]
          ]
        ]
      }
    },
    {
      "type": "Feature",
      "properties": {
        "id": 75,
        "object_type": "restriction",
        "restriction_type": "oks",
        "address": "улица Архитектора Щусева, дом 2, корпус 2"
      },
      "geometry": {
        "type": "MultiPolygon",
        "coordinates": [
          [
            [
              [
                37.63512513,
                55.699406213
              ],
              [
                37.634640452,
                55.698687655
              ],
              [
                37.633755558,
                55.698878044
              ],
              [
                37.633967516,
                55.699192269
              ],
              [
                37.634243095,
                55.699132959
              ],
              [
                37.634147984,
                55.698992047
              ],
              [
                37.634453759,
                55.698926776
              ],
              [
                37.634491325,
                55.698982782
              ],
              [
                37.634519773,
                55.698976643
              ],
              [
                37.634751879,
                55.699320754
              ],
              [
                37.634549248,
                55.699364358
              ],
              [
                37.634531025,
                55.699337432
              ],
              [
                37.63412433,
                55.699424909
              ],
              [
                37.634240063,
                55.699596516
              ],
              [
                37.63512513,
                55.699406213
              ]
            ]
          ]
        ]
      }
    },
    {
      "type": "Feature",
      "properties": {
        "id": 76,
        "object_type": "restriction",
        "restriction_type": "oks",
        "address": "улица Архитектора Щусева, дом 2, корпус 4"
      },
      "geometry": {
        "type": "MultiPolygon",
        "coordinates": [
          [
            [
              [
                37.63367803,
                55.700121127
              ],
              [
                37.633611691,
                55.700022578
              ],
              [
                37.633040652,
                55.700145348
              ],
              [
                37.63310699,
                55.700243897
              ],
              [
                37.63367803,
                55.700121127
              ]
            ]
          ]
        ]
      }
    },
    {
      "type": "Feature",
      "properties": {
        "id": 77,
        "object_type": "restriction",
        "restriction_type": "oks",
        "address": "улица Архитектора Щусева, дом 2, корпус 1"
      },
      "geometry": {
        "type": "MultiPolygon",
        "coordinates": [
          [
            [
              [
                37.635751321,
                55.70033919
              ],
              [
                37.635267579,
                55.699621981
              ],
              [
                37.634384098,
                55.699812283
              ],
              [
                37.634572728,
                55.700091952
              ],
              [
                37.634806195,
                55.700041758
              ],
              [
                37.634673834,
                55.69984556
              ],
              [
                37.634727552,
                55.699834004
              ],
              [
                37.634744657,
                55.699859494
              ],
              [
                37.635052819,
                55.69979323
              ],
              [
                37.635035555,
                55.699767741
              ],
              [
                37.635088478,
                55.699756366
              ],
              [
                37.635336577,
                55.700123003
              ],
              [
                37.635427542,
                55.700259158
              ],
              [
                37.634779743,
                55.700398726
              ],
              [
                37.634867667,
                55.700529316
              ],
              [
                37.635751321,
                55.70033919
              ]
            ]
          ]
        ]
      }
    },
    {
      "type": "Feature",
      "properties": {
        "id": 78,
        "object_type": "restriction",
        "restriction_type": "oks",
        "address": "проспект Лихачёва, дом 15"
      },
      "geometry": {
        "type": "MultiPolygon",
        "coordinates": [
          [
            [
              [
                37.643518549,
                55.700422732
              ],
              [
                37.644988747,
                55.700281705
              ],
              [
                37.64513025,
                55.700268156
              ],
              [
                37.645394493,
                55.700242785
              ],
              [
                37.64554744,
                55.700227695
              ],
              [
                37.645657622,
                55.700217326
              ],
              [
                37.646073064,
                55.700177495
              ],
              [
                37.646184357,
                55.700166674
              ],
              [
                37.646351774,
                55.700150578
              ],
              [
                37.646332288,
                55.700085842
              ],
              [
                37.647397346,
                55.699980026
              ],
              [
                37.647335195,
                55.69977729
              ],
              [
                37.647294548,
                55.699710513
              ],
              [
                37.647269428,
                55.699670574
              ],
              [
                37.647234416,
                55.699622024
              ],
              [
                37.646858182,
                55.699384094
              ],
              [
                37.646751572,
                55.699028988
              ],
              [
                37.646618363,
                55.699004716
              ],
              [
                37.646023279,
                55.699061737
              ],
              [
                37.646019415,
                55.699049167
              ],
              [
                37.645062319,
                55.699141282
              ],
              [
                37.644340356,
                55.699296437
              ],
              [
                37.643707541,
                55.699432352
              ],
              [
                37.643672102,
                55.699439938
              ],
              [
                37.643375717,
                55.699503695
              ],
              [
                37.64324874,
                55.699530967
              ],
              [
                37.643296075,
                55.699689083
              ],
              [
                37.643297685,
                55.69969447
              ],
              [
                37.643387837,
                55.699993012
              ],
              [
                37.643496978,
                55.700351621
              ],
              [
                37.643504706,
                55.7003773
              ],
              [
                37.643518549,
                55.700422732
              ]
            ],
            [
              [
                37.646444531,
                55.699176026
              ],
              [
                37.646427761,
                55.699114431
              ],
              [
                37.646555749,
                55.699103411
              ],
              [
                37.64657236,
                55.699165007
              ],
              [
                37.646444531,
                55.699176026
              ]
            ],
            [
              [
                37.643435563,
                55.700127325
              ],
              [
                37.643444943,
                55.700126326
              ],
              [
                37.643446713,
                55.700131713
              ],
              [
                37.643437332,
                55.700132712
              ],
              [
                37.643435563,
                55.700127325
              ]
            ],
            [
              [
                37.643500762,
                55.700342544
              ],
              [
                37.643510142,
                55.700341546
              ],
              [
                37.643511911,
                55.700346933
              ],
              [
                37.643502531,
                55.700347932
              ],
              [
                37.643500762,
                55.700342544
              ]
            ],
            [
              [
                37.643478869,
                55.700270715
              ],
              [
                37.64348825,
                55.700269716
              ],
              [
                37.64348986,
                55.700275193
              ],
              [
                37.643480639,
                55.700276102
              ],
              [
                37.643478869,
                55.700270715
              ]
            ],
            [
              [
                37.643259923,
                55.699544696
              ],
              [
                37.643269144,
                55.699543698
              ],
              [
                37.643270913,
                55.699549085
              ],
              [
                37.643261533,
                55.699550084
              ],
              [
                37.643259923,
                55.699544696
              ]
            ],
            [
              [
                37.643281814,
                55.699616526
              ],
              [
                37.643291035,
                55.699615527
              ],
              [
                37.643292805,
                55.699620914
              ],
              [
                37.643283584,
                55.699621913
              ],
              [
                37.643281814,
                55.699616526
              ]
            ],
            [
              [
                37.64479837,
                55.699201501
              ],
              [
                37.644807591,
                55.699200592
              ],
              [
                37.6448092,
                55.69920562
              ],
              [
                37.644799979,
                55.699206529
              ],
              [
                37.64479837,
                55.699201501
              ]
            ],
            [
              [
                37.644671078,
                55.699228955
              ],
              [
                37.644680139,
                55.699227956
              ],
              [
                37.644681749,
                55.699233074
              ],
              [
                37.644672687,
                55.699233983
              ],
              [
                37.644671078,
                55.699228955
              ]
            ],
            [
              [
                37.644925981,
                55.699174136
              ],
              [
                37.644935043,
                55.699173137
              ],
              [
                37.644936652,
                55.699178165
              ],
              [
                37.64492759,
                55.699179164
              ],
              [
                37.644925981,
                55.699174136
              ]
            ],
            [
              [
                37.64454442,
                55.699256229
              ],
              [
                37.644553482,
                55.69925523
              ],
              [
                37.644555091,
                55.699260258
              ],
              [
                37.644546029,
                55.699261257
              ],
              [
                37.64454442,
                55.699256229
              ]
            ],
            [
              [
                37.644417127,
                55.699283593
              ],
              [
                37.644426189,
                55.699282594
              ],
              [
                37.644427798,
                55.699287622
              ],
              [
                37.644418736,
                55.699288621
              ],
              [
                37.644417127,
                55.699283593
              ]
            ]
          ]
        ]
      }
    },
    {
      "type": "Feature",
      "properties": {
        "id": 79,
        "object_type": "restriction",
        "restriction_type": "oks",
        "address": "Автозаводская улица, дом 23, строение 335"
      },
      "geometry": {
        "type": "MultiPolygon",
        "coordinates": [
          [
            [
              [
                37.635466604,
                55.701399719
              ],
              [
                37.635374179,
                55.701066157
              ],
              [
                37.635143813,
                55.701086512
              ],
              [
                37.635236236,
                55.701420074
              ],
              [
                37.635466604,
                55.701399719
              ]
            ]
          ]
        ]
      }
    },
    {
      "type": "Feature",
      "properties": {
        "id": 80,
        "object_type": "restriction",
        "restriction_type": "oks",
        "address": "проспект Лихачёва, дом 11"
      },
      "geometry": {
        "type": "MultiPolygon",
        "coordinates": [
          [
            [
              [
                37.638389609,
                55.701728606
              ],
              [
                37.638291667,
                55.701400765
              ],
              [
                37.637942542,
                55.701446308
              ],
              [
                37.637912826,
                55.701372671
              ],
              [
                37.637971682,
                55.70135597
              ],
              [
                37.637941951,
                55.70127758
              ],
              [
                37.637891468,
                55.70128239
              ],
              [
                37.637836238,
                55.701132735
              ],
              [
                37.637710032,
                55.701144757
              ],
              [
                37.637575129,
                55.701075991
              ],
              [
                37.638037115,
                55.700814066
              ],
              [
                37.638201592,
                55.700916069
              ],
              [
                37.63839481,
                55.700813665
              ],
              [
                37.6384496,
                55.700837368
              ],
              [
                37.638521858,
                55.701041662
              ],
              [
                37.638458753,
                55.701046486
              ],
              [
                37.638560945,
                55.701386204
              ],
              [
                37.639406523,
                55.701306829
              ],
              [
                37.639244862,
                55.700812709
              ],
              [
                37.639421531,
                55.700791122
              ],
              [
                37.639412946,
                55.700743603
              ],
              [
                37.639526567,
                55.700743475
              ],
              [
                37.639611757,
                55.701033305
              ],
              [
                37.639876773,
                55.701004488
              ],
              [
                37.639944832,
                55.701208786
              ],
              [
                37.640260321,
                55.701172781
              ],
              [
                37.640141306,
                55.700840213
              ],
              [
                37.639893109,
                55.700864258
              ],
              [
                37.639795172,
                55.700541171
              ],
              [
                37.639534367,
                55.700569984
              ],
              [
                37.639461887,
                55.700303903
              ],
              [
                37.639293646,
                55.700327858
              ],
              [
                37.63930632,
                55.700342102
              ],
              [
                37.639049684,
                55.700359027
              ],
              [
                37.639071085,
                55.70046119
              ],
              [
                37.638612875,
                55.700597164
              ],
              [
                37.638456872,
                55.700511786
              ],
              [
                37.638332998,
                55.700587971
              ],
              [
                37.638320345,
                55.700579668
              ],
              [
                37.638293059,
                55.70059871
              ],
              [
                37.638301496,
                55.700604642
              ],
              [
                37.638152398,
                55.700687984
              ],
              [
                37.637966868,
                55.70058244
              ],
              [
                37.637788383,
                55.700686015
              ],
              [
                37.637773626,
                55.700677714
              ],
              [
                37.637744239,
                55.700697947
              ],
              [
                37.637752681,
                55.700705066
              ],
              [
                37.637555299,
                55.700820544
              ],
              [
                37.63736135,
                55.70071382
              ],
              [
                37.63703377,
                55.700903112
              ],
              [
                37.637019017,
                55.700895999
              ],
              [
                37.6369791,
                55.700913867
              ],
              [
                37.63698965,
                55.700922173
              ],
              [
                37.636922473,
                55.700966212
              ],
              [
                37.637057386,
                55.701038544
              ],
              [
                37.637011216,
                55.701073053
              ],
              [
                37.637047048,
                55.701090837
              ],
              [
                37.637038652,
                55.701096788
              ],
              [
                37.637293787,
                55.701250973
              ],
              [
                37.637370775,
                55.701606168
              ],
              [
                37.637673646,
                55.701570184
              ],
              [
                37.63773336,
                55.701798257
              ],
              [
                37.638389609,
                55.701728606
              ]
            ]
          ]
        ]
      }
    },
    {
      "type": "Feature",
      "properties": {
        "id": 81,
        "object_type": "restriction",
        "restriction_type": "oks",
        "address": "набережная Марка Шагала, дом 1, корпус 1"
      },
      "geometry": {
        "type": "MultiPolygon",
        "coordinates": [
          [
            [
              [
                37.632490887,
                55.700777812
              ],
              [
                37.632490881,
                55.700775836
              ],
              [
                37.632533824,
                55.70077579
              ],
              [
                37.632482355,
                55.700699949
              ],
              [
                37.632502918,
                55.700666245
              ],
              [
                37.632449157,
                55.700665674
              ],
              [
                37.632449015,
                55.70062328
              ],
              [
                37.632388894,
                55.700623344
              ],
              [
                37.632388877,
                55.700618224
              ],
              [
                37.630605469,
                55.700620123
              ],
              [
                37.630589407,
                55.700620679
              ],
              [
                37.630568897,
                55.700622857
              ],
              [
                37.630549028,
                55.70062665
              ],
              [
                37.63052456,
                55.700634221
              ],
              [
                37.63050852,
                55.700641333
              ],
              [
                37.630489473,
                55.700653209
              ],
              [
                37.630479799,
                55.700661573
              ],
              [
                37.63046634,
                55.70067964
              ],
              [
                37.630461457,
                55.700694196
              ],
              [
                37.630460851,
                55.700703179
              ],
              [
                37.630463282,
                55.700716918
              ],
              [
                37.630465687,
                55.700722754
              ],
              [
                37.630473203,
                55.700735051
              ],
              [
                37.630481822,
                55.700744293
              ],
              [
                37.630495058,
                55.700754698
              ],
              [
                37.630502868,
                55.70075963
              ],
              [
                37.630523098,
                55.70076913
              ],
              [
                37.630544434,
                55.700776113
              ],
              [
                37.630566717,
                55.70078076
              ],
              [
                37.630583265,
                55.700782808
              ],
              [
                37.630606171,
                55.700783772
              ],
              [
                37.632490887,
                55.700777812
              ]
            ]
          ],
          [
            [
              [
                37.632416988,
                55.700558645
              ],
              [
                37.632276795,
                55.70034826
              ],
              [
                37.632269282,
                55.700337041
              ],
              [
                37.632261972,
                55.700338665
              ],
              [
                37.632246147,
                55.70031515
              ],
              [
                37.632253458,
                55.700313525
              ],
              [
                37.632249462,
                55.700307691
              ],
              [
                37.632242151,
                55.700309226
              ],
              [
                37.632226806,
                55.700286519
              ],
              [
                37.632234117,
                55.700284894
              ],
              [
                37.632226446,
                55.700273854
              ],
              [
                37.63195912,
                55.700331355
              ],
              [
                37.632005795,
                55.700400645
              ],
              [
                37.631903918,
                55.70042249
              ],
              [
                37.631928534,
                55.70045902
              ],
              [
                37.631991313,
                55.70044557
              ],
              [
                37.632068354,
                55.700559018
              ],
              [
                37.632416988,
                55.700558645
              ]
            ]
          ],
          [
            [
              [
                37.631200266,
                55.700510992
              ],
              [
                37.631190835,
                55.700496901
              ],
              [
                37.63106178,
                55.700524342
              ],
              [
                37.63107137,
                55.700538703
              ],
              [
                37.631200266,
                55.700510992
              ]
            ]
          ]
        ]
      }
    },
    {
      "type": "Feature",
      "properties": {
        "id": 82,
        "object_type": "restriction",
        "restriction_type": "oks",
        "address": "набережная Марка Шагала, дом 1, корпус 2"
      },
      "geometry": {
        "type": "MultiPolygon",
        "coordinates": [
          [
            [
              [
                37.631166178,
                55.700256572
              ],
              [
                37.632069704,
                55.700060344
              ],
              [
                37.631986427,
                55.699936753
              ],
              [
                37.631964176,
                55.699941537
              ],
              [
                37.631953627,
                55.69992583
              ],
              [
                37.631975877,
                55.699921136
              ],
              [
                37.631849604,
                55.699733909
              ],
              [
                37.631811143,
                55.699742213
              ],
              [
                37.63177518,
                55.699688989
              ],
              [
                37.631813641,
                55.699680685
              ],
              [
                37.63168737,
                55.699493548
              ],
              [
                37.631665278,
                55.699498242
              ],
              [
                37.631654729,
                55.699482715
              ],
              [
                37.63167682,
                55.699477931
              ],
              [
                37.631587791,
                55.699345723
              ],
              [
                37.631306645,
                55.699406201
              ],
              [
                37.631411016,
                55.699560847
              ],
              [
                37.631434538,
                55.699555702
              ],
              [
                37.631470501,
                55.699609016
              ],
              [
                37.63144682,
                55.699614161
              ],
              [
                37.631492053,
                55.699681028
              ],
              [
                37.631515734,
                55.699675973
              ],
              [
                37.631551538,
                55.699729197
              ],
              [
                37.631528016,
                55.699734342
              ],
              [
                37.631654128,
                55.699921389
              ],
              [
                37.631677809,
                55.699916334
              ],
              [
                37.631714412,
                55.699970546
              ],
              [
                37.631690731,
                55.699975601
              ],
              [
                37.631693768,
                55.699980178
              ],
              [
                37.631717449,
                55.699975033
              ],
              [
                37.63173551,
                55.70000178
              ],
              [
                37.631691327,
                55.700011258
              ],
              [
                37.631666233,
                55.69997419
              ],
              [
                37.631411624,
                55.700028981
              ],
              [
                37.631407237,
                55.700049015
              ],
              [
                37.631252914,
                55.700082142
              ],
              [
                37.631225831,
                55.700068878
              ],
              [
                37.631063243,
                55.7001039
              ],
              [
                37.631166178,
                55.700256572
              ]
            ]
          ],
          [
            [
              [
                37.630790472,
                55.699670905
              ],
              [
                37.630886466,
                55.699650235
              ],
              [
                37.630901169,
                55.699671596
              ],
              [
                37.631049929,
                55.699639642
              ],
              [
                37.631035544,
                55.699618281
              ],
              [
                37.631285701,
                55.699564304
              ],
              [
                37.63120898,
                55.699450405
              ],
              [
                37.630958505,
                55.699504203
              ],
              [
                37.630944599,
                55.69948338
              ],
              [
                37.630914084,
                55.699489879
              ],
              [
                37.630916482,
                55.699493559
              ],
              [
                37.630828752,
                55.699512424
              ],
              [
                37.630826196,
                55.699508834
              ],
              [
                37.630525181,
                55.699573732
              ],
              [
                37.63049786,
                55.700400361
              ],
              [
                37.630768366,
                55.700342142
              ],
              [
                37.630769522,
                55.700306842
              ],
              [
                37.630750981,
                55.700279377
              ],
              [
                37.63077053,
                55.700275225
              ],
              [
                37.630777178,
                55.700073845
              ],
              [
                37.630758637,
                55.70004638
              ],
              [
                37.630778185,
                55.700042048
              ],
              [
                37.630784833,
                55.699840758
              ],
              [
                37.630766293,
                55.699813293
              ],
              [
                37.630785841,
                55.699809051
              ],
              [
                37.630790472,
                55.699670905
              ]
            ]
          ]
        ]
      }
    },
    {
      "type": "Feature",
      "properties": {
        "id": 83,
        "object_type": "restriction",
        "restriction_type": "oks",
        "address": "бульвар Братьев Весниных, дом 2"
      },
      "geometry": {
        "type": "MultiPolygon",
        "coordinates": [
          [
            [
              [
                37.639066225,
                55.699631138
              ],
              [
                37.639171751,
                55.699608474
              ],
              [
                37.639178147,
                55.699618078
              ],
              [
                37.63916146,
                55.699621689
              ],
              [
                37.639213262,
                55.699698426
              ],
              [
                37.639609459,
                55.69961319
              ],
              [
                37.638436748,
                55.697873197
              ],
              [
                37.638147995,
                55.697935316
              ],
              [
                37.638161424,
                55.697955241
              ],
              [
                37.638138063,
                55.697960297
              ],
              [
                37.638126073,
                55.697942706
              ],
              [
                37.63753871,
                55.698069018
              ],
              [
                37.638652387,
                55.699720254
              ],
              [
                37.639066225,
                55.699631138
              ]
            ]
          ]
        ]
      }
    },
    {
      "type": "Feature",
      "properties": {
        "id": 84,
        "object_type": "restriction",
        "restriction_type": "oks",
        "address": "проспект Лихачёва, дом 9"
      },
      "geometry": {
        "type": "MultiPolygon",
        "coordinates": [
          [
            [
              [
                37.636254707,
                55.701721477
              ],
              [
                37.636464016,
                55.701668815
              ],
              [
                37.636465595,
                55.701670766
              ],
              [
                37.636468891,
                55.701669931
              ],
              [
                37.636474204,
                55.701676595
              ],
              [
                37.636509006,
                55.701667844
              ],
              [
                37.636503802,
                55.701661093
              ],
              [
                37.636511203,
                55.701659219
              ],
              [
                37.636509606,
                55.701657334
              ],
              [
                37.636672698,
                55.701616255
              ],
              [
                37.63668032,
                55.701625889
              ],
              [
                37.636708289,
                55.701618852
              ],
              [
                37.636700621,
                55.70160925
              ],
              [
                37.636718419,
                55.701604739
              ],
              [
                37.636629915,
                55.701492654
              ],
              [
                37.636655182,
                55.701486249
              ],
              [
                37.636652015,
                55.701482237
              ],
              [
                37.636658502,
                55.701480586
              ],
              [
                37.636616328,
                55.701427281
              ],
              [
                37.636609893,
                55.701428883
              ],
              [
                37.636606297,
                55.701424328
              ],
              [
                37.636600966,
                55.701425652
              ],
              [
                37.636549452,
                55.70136026
              ],
              [
                37.636529349,
                55.701365293
              ],
              [
                37.636473516,
                55.701294597
              ],
              [
                37.636454764,
                55.701299289
              ],
              [
                37.636447255,
                55.701289596
              ],
              [
                37.636419287,
                55.701296633
              ],
              [
                37.636426941,
                55.701306308
              ],
              [
                37.636264704,
                55.701347102
              ],
              [
                37.636263266,
                55.701345218
              ],
              [
                37.636255889,
                55.701347064
              ],
              [
                37.636252921,
                55.701343253
              ],
              [
                37.636217801,
                55.701352094
              ],
              [
                37.636220825,
                55.701355843
              ],
              [
                37.636217499,
                55.701356675
              ],
              [
                37.636219063,
                55.701358608
              ],
              [
                37.636010443,
                55.701411154
              ],
              [
                37.636016353,
                55.701418692
              ],
              [
                37.635972334,
                55.701429788
              ],
              [
                37.635985434,
                55.70144639
              ],
              [
                37.636029453,
                55.701435294
              ],
              [
                37.636130576,
                55.701563264
              ],
              [
                37.636157591,
                55.701556498
              ],
              [
                37.636173566,
                55.701576599
              ],
              [
                37.636095062,
                55.701596356
              ],
              [
                37.636097004,
                55.701598816
              ],
              [
                37.636072665,
                55.701604914
              ],
              [
                37.636102059,
                55.701642066
              ],
              [
                37.636126329,
                55.701635951
              ],
              [
                37.636188518,
                55.701714993
              ],
              [
                37.63623953,
                55.701702093
              ],
              [
                37.636254707,
                55.701721477
              ]
            ]
          ]
        ]
      }
    },
    {
      "type": "Feature",
      "properties": {
        "id": 85,
        "object_type": "restriction",
        "restriction_type": "oks",
        "address": "улица Архитектора Щусева, сооружение 2, строение 1"
      },
      "geometry": {
        "type": "MultiPolygon",
        "coordinates": [
          [
            [
              [
                37.636569473,
                55.700617535
              ],
              [
                37.636801038,
                55.700568776
              ],
              [
                37.636775137,
                55.700529914
              ],
              [
                37.636544209,
                55.700578851
              ],
              [
                37.636569473,
                55.700617535
              ]
            ]
          ],
          [
            [
              [
                37.636404781,
                55.700365865
              ],
              [
                37.636633005,
                55.700317291
              ],
              [
                37.636607901,
                55.700278697
              ],
              [
                37.636379037,
                55.700326284
              ],
              [
                37.636404781,
                55.700365865
              ]
            ]
          ],
          [
            [
              [
                37.635641589,
                55.700527212
              ],
              [
                37.63585901,
                55.700481435
              ],
              [
                37.635833107,
                55.700441853
              ],
              [
                37.635614892,
                55.700487811
              ],
              [
                37.635641589,
                55.700527212
              ]
            ]
          ],
          [
            [
              [
                37.635806594,
                55.700778433
              ],
              [
                37.636025445,
                55.700732295
              ],
              [
                37.635999863,
                55.700693341
              ],
              [
                37.635780852,
                55.70073939
              ],
              [
                37.635806594,
                55.700778433
              ]
            ]
          ],
          [
            [
              [
                37.635909494,
                55.700454613
              ],
              [
                37.635948748,
                55.700445588
              ],
              [
                37.63596003,
                55.700442522
              ],
              [
                37.635970035,
                55.7004382
              ],
              [
                37.635977811,
                55.700433161
              ],
              [
                37.635986055,
                55.700425518
              ],
              [
                37.635990006,
                55.700418148
              ],
              [
                37.635990932,
                55.700410153
              ],
              [
                37.635990757,
                55.700405483
              ],
              [
                37.63598376,
                55.700405581
              ],
              [
                37.63598361,
                55.700408365
              ],
              [
                37.63594531,
                55.700417299
              ],
              [
                37.635936722,
                55.700417219
              ],
              [
                37.635925274,
                55.700418309
              ],
              [
                37.635914784,
                55.700420387
              ],
              [
                37.635906046,
                55.700423091
              ],
              [
                37.635899693,
                55.700425793
              ],
              [
                37.635896994,
                55.700427233
              ],
              [
                37.63589032,
                55.700428946
              ],
              [
                37.635909494,
                55.700454613
              ]
            ]
          ],
          [
            [
              [
                37.636404143,
                55.700640891
              ],
              [
                37.63641082,
                55.700639895
              ],
              [
                37.636411283,
                55.700635943
              ],
              [
                37.636448316,
                55.700628537
              ],
              [
                37.636456585,
                55.700628168
              ],
              [
                37.636468034,
                55.700627437
              ],
              [
                37.636475823,
                55.700626081
              ],
              [
                37.636484404,
                55.700623916
              ],
              [
                37.636490599,
                55.700621754
              ],
              [
                37.636496634,
                55.700619142
              ],
              [
                37.636502832,
                55.700617698
              ],
              [
                37.636487484,
                55.700594901
              ],
              [
                37.636485566,
                55.700592119
              ],
              [
                37.636443291,
                55.700601327
              ],
              [
                37.636434234,
                55.700603672
              ],
              [
                37.636424705,
                55.700607815
              ],
              [
                37.63641804,
                55.700612133
              ],
              [
                37.63641043,
                55.700619327
              ],
              [
                37.636406319,
                55.700626068
              ],
              [
                37.636404587,
                55.700631369
              ],
              [
                37.636404293,
                55.700638106
              ],
              [
                37.636404143,
                55.700640891
              ]
            ]
          ],
          [
            [
              [
                37.636255491,
                55.700382108
              ],
              [
                37.636336863,
                55.700364683
              ],
              [
                37.636319277,
                55.700338475
              ],
              [
                37.636238065,
                55.70035599
              ],
              [
                37.636255491,
                55.700382108
              ]
            ]
          ],
          [
            [
              [
                37.636077369,
                55.700707537
              ],
              [
                37.636156358,
                55.700690564
              ],
              [
                37.636139889,
                55.700665433
              ],
              [
                37.636059786,
                55.700682138
              ],
              [
                37.636077369,
                55.700707537
              ]
            ]
          ]
        ]
      }
    },
    {
      "type": "Feature",
      "properties": {
        "id": 86,
        "object_type": "restriction",
        "restriction_type": "oks",
        "address": "Автозаводская улица, дом 23, корпус 9А"
      },
      "geometry": {
        "type": "MultiPolygon",
        "coordinates": [
          [
            [
              [
                37.638755328,
                55.702562532
              ],
              [
                37.638688641,
                55.702370036
              ],
              [
                37.638807728,
                55.702356878
              ],
              [
                37.63879889,
                55.70233147
              ],
              [
                37.638679804,
                55.702344627
              ],
              [
                37.638670058,
                55.702316519
              ],
              [
                37.639421088,
                55.702233495
              ],
              [
                37.639403411,
                55.702182588
              ],
              [
                37.639405637,
                55.702182316
              ],
              [
                37.639397441,
                55.702158523
              ],
              [
                37.639395056,
                55.702158796
              ],
              [
                37.639379632,
                55.702115071
              ],
              [
                37.639386469,
                55.702114345
              ],
              [
                37.639376345,
                55.702085076
              ],
              [
                37.639291602,
                55.702094423
              ],
              [
                37.639291923,
                55.70209541
              ],
              [
                37.63919939,
                55.702105664
              ],
              [
                37.639198587,
                55.702103599
              ],
              [
                37.639192386,
                55.702104235
              ],
              [
                37.639200727,
                55.702128431
              ],
              [
                37.63862487,
                55.702192087
              ],
              [
                37.6386133,
                55.702158688
              ],
              [
                37.638359388,
                55.702186726
              ],
              [
                37.638413242,
                55.702342319
              ],
              [
                37.638413218,
                55.702342322
              ],
              [
                37.638438446,
                55.702415136
              ],
              [
                37.63849791,
                55.702408513
              ],
              [
                37.63855881,
                55.702584219
              ],
              [
                37.638755328,
                55.702562532
              ]
            ]
          ]
        ]
      }
    },
    {
      "type": "Feature",
      "properties": {
        "id": 87,
        "object_type": "restriction",
        "restriction_type": "oks",
        "address": "улица Архитектора Щусева, дом 5, корпус 2"
      },
      "geometry": {
        "type": "MultiPolygon",
        "coordinates": [
          [
            [
              [
                37.63457332,
                55.697289786
              ],
              [
                37.63475417,
                55.697251056
              ],
              [
                37.634758486,
                55.697257519
              ],
              [
                37.634769928,
                55.697254991
              ],
              [
                37.634768969,
                55.697253645
              ],
              [
                37.6360036,
                55.696989392
              ],
              [
                37.636004559,
                55.696990738
              ],
              [
                37.636018067,
                55.696987849
              ],
              [
                37.636013751,
                55.696981387
              ],
              [
                37.636011367,
                55.696981929
              ],
              [
                37.635926483,
                55.696855378
              ],
              [
                37.635928867,
                55.696854926
              ],
              [
                37.635924392,
                55.696848464
              ],
              [
                37.635896269,
                55.69685604
              ],
              [
                37.635755149,
                55.696885476
              ],
              [
                37.635763941,
                55.69689858
              ],
              [
                37.635691634,
                55.696914108
              ],
              [
                37.635682842,
                55.696901004
              ],
              [
                37.635474185,
                55.696945694
              ],
              [
                37.635482977,
                55.696958797
              ],
              [
                37.63541051,
                55.696974326
              ],
              [
                37.635401718,
                55.696961132
              ],
              [
                37.63518718,
                55.697007085
              ],
              [
                37.635195972,
                55.697020189
              ],
              [
                37.635123506,
                55.697035717
              ],
              [
                37.635114714,
                55.697022613
              ],
              [
                37.634906055,
                55.697067211
              ],
              [
                37.634914847,
                55.697080405
              ],
              [
                37.63484238,
                55.697095843
              ],
              [
                37.634833588,
                55.697082739
              ],
              [
                37.634484445,
                55.69715749
              ],
              [
                37.634250428,
                55.69680853
              ],
              [
                37.634283642,
                55.696801398
              ],
              [
                37.634234409,
                55.69672798
              ],
              [
                37.634201037,
                55.696735112
              ],
              [
                37.634179298,
                55.696702711
              ],
              [
                37.635402474,
                55.696440902
              ],
              [
                37.635420218,
                55.696467289
              ],
              [
                37.635419275,
                55.696470703
              ],
              [
                37.63542423,
                55.696477973
              ],
              [
                37.635428849,
                55.696480124
              ],
              [
                37.635455705,
                55.696520243
              ],
              [
                37.635454762,
                55.696523567
              ],
              [
                37.635459717,
                55.696530927
              ],
              [
                37.635464337,
                55.696533078
              ],
              [
                37.635491192,
                55.696573107
              ],
              [
                37.635490249,
                55.696576521
              ],
              [
                37.635495204,
                55.696583791
              ],
              [
                37.635499824,
                55.696586032
              ],
              [
                37.635526679,
                55.696626061
              ],
              [
                37.635527485,
                55.696629114
              ],
              [
                37.635525737,
                55.696629475
              ],
              [
                37.635530692,
                55.696636745
              ],
              [
                37.635535311,
                55.696638896
              ],
              [
                37.635562325,
                55.696678925
              ],
              [
                37.635562972,
                55.696681978
              ],
              [
                37.635561224,
                55.69668234
              ],
              [
                37.635566179,
                55.69668961
              ],
              [
                37.635570958,
                55.69669185
              ],
              [
                37.635597813,
                55.696731879
              ],
              [
                37.635596871,
                55.696735293
              ],
              [
                37.635601667,
                55.696742564
              ],
              [
                37.635606445,
                55.696744714
              ],
              [
                37.635633301,
                55.696784833
              ],
              [
                37.635632358,
                55.696788158
              ],
              [
                37.635636675,
                55.6967948
              ],
              [
                37.635653834,
                55.69679002
              ],
              [
                37.635651267,
                55.696783466
              ],
              [
                37.635718965,
                55.696769021
              ],
              [
                37.635722482,
                55.696774316
              ],
              [
                37.635730276,
                55.696774757
              ],
              [
                37.635747435,
                55.696769978
              ],
              [
                37.635745027,
                55.696763424
              ],
              [
                37.635812567,
                55.696748978
              ],
              [
                37.635818471,
                55.69675481
              ],
              [
                37.635823397,
                55.696753727
              ],
              [
                37.635824037,
                55.696754714
              ],
              [
                37.635841196,
                55.696749935
              ],
              [
                37.635838629,
                55.696743381
              ],
              [
                37.635859447,
                55.696738957
              ],
              [
                37.635862964,
                55.696744252
              ],
              [
                37.635865351,
                55.696744789
              ],
              [
                37.63588363,
                55.696741894
              ],
              [
                37.635875647,
                55.696732921
              ],
              [
                37.635864043,
                55.696734371
              ],
              [
                37.635838466,
                55.696696136
              ],
              [
                37.635847842,
                55.69669415
              ],
              [
                37.635846874,
                55.696690109
              ],
              [
                37.635848622,
                55.696689748
              ],
              [
                37.635840159,
                55.696679967
              ],
              [
                37.635828555,
                55.696681417
              ],
              [
                37.635802819,
                55.696643183
              ],
              [
                37.635812195,
                55.696641196
              ],
              [
                37.635811386,
                55.696637155
              ],
              [
                37.635813134,
                55.696636794
              ],
              [
                37.635804672,
                55.696627103
              ],
              [
                37.635793067,
                55.696628553
              ],
              [
                37.635767331,
                55.696590319
              ],
              [
                37.635776707,
                55.696588332
              ],
              [
                37.635777487,
                55.69658393
              ],
              [
                37.635769184,
                55.696574149
              ],
              [
                37.63575758,
                55.696575599
              ],
              [
                37.635731844,
                55.696537365
              ],
              [
                37.635742329,
                55.69653412
              ],
              [
                37.635737204,
                55.696523706
              ],
              [
                37.635735456,
                55.696524067
              ],
              [
                37.635731309,
                55.696520659
              ],
              [
                37.635722092,
                55.696522645
              ],
              [
                37.635696356,
                55.6964845
              ],
              [
                37.635706682,
                55.696481166
              ],
              [
                37.635701557,
                55.696470752
              ],
              [
                37.635695822,
                55.696467795
              ],
              [
                37.635686446,
                55.696469781
              ],
              [
                37.635660869,
                55.696431546
              ],
              [
                37.635670245,
                55.69642956
              ],
              [
                37.635671025,
                55.696425158
              ],
              [
                37.635662563,
                55.696415467
              ],
              [
                37.635650958,
                55.696416827
              ],
              [
                37.635625382,
                55.696378682
              ],
              [
                37.635634757,
                55.696376606
              ],
              [
                37.635635537,
                55.696372204
              ],
              [
                37.635627075,
                55.696362513
              ],
              [
                37.635615471,
                55.696363963
              ],
              [
                37.635589894,
                55.696325728
              ],
              [
                37.63559927,
                55.696323742
              ],
              [
                37.635598302,
                55.696319701
              ],
              [
                37.63560005,
                55.69631934
              ],
              [
                37.635591588,
                55.696309649
              ],
              [
                37.635579984,
                55.696311009
              ],
              [
                37.635554407,
                55.696272864
              ],
              [
                37.635564733,
                55.696269529
              ],
              [
                37.635560088,
                55.696259834
              ],
              [
                37.635542928,
                55.696264524
              ],
              [
                37.635545496,
                55.696271077
              ],
              [
                37.635524678,
                55.696275591
              ],
              [
                37.635518932,
                55.69626967
              ],
              [
                37.635500495,
                55.696272564
              ],
              [
                37.635501134,
                55.696273551
              ],
              [
                37.635495099,
                55.696275803
              ],
              [
                37.635498616,
                55.696281099
              ],
              [
                37.635431078,
                55.696295634
              ],
              [
                37.635425173,
                55.696289712
              ],
              [
                37.635406735,
                55.696292607
              ],
              [
                37.635407375,
                55.696293594
              ],
              [
                37.635401499,
                55.696295936
              ],
              [
                37.635405016,
                55.696301231
              ],
              [
                37.635337318,
                55.696315676
              ],
              [
                37.635333801,
                55.696310381
              ],
              [
                37.635326007,
                55.69630994
              ],
              [
                37.635285802,
                55.696318697
              ],
              [
                37.635282322,
                55.69632409
              ],
              [
                37.635277068,
                55.696322209
              ],
              [
                37.635271504,
                55.696322934
              ],
              [
                37.635268497,
                55.696327069
              ],
              [
                37.635259104,
                55.696324385
              ],
              [
                37.635235903,
                55.69632935
              ],
              [
                37.635232582,
                55.696334743
              ],
              [
                37.635224147,
                55.696333045
              ],
              [
                37.6352197,
                55.696334667
              ],
              [
                37.63521812,
                55.696337812
              ],
              [
                37.635209205,
                55.696335038
              ],
              [
                37.635186163,
                55.696340003
              ],
              [
                37.635182841,
                55.696345396
              ],
              [
                37.635174248,
                55.696343699
              ],
              [
                37.635169166,
                55.69634586
              ],
              [
                37.635168857,
                55.696348375
              ],
              [
                37.635159465,
                55.696345691
              ],
              [
                37.635136263,
                55.696350656
              ],
              [
                37.635132942,
                55.696356049
              ],
              [
                37.635123713,
                55.696354442
              ],
              [
                37.63512006,
                55.696355973
              ],
              [
                37.635118481,
                55.696359208
              ],
              [
                37.635109566,
                55.696356434
              ],
              [
                37.635086523,
                55.696361309
              ],
              [
                37.635082566,
                55.696366882
              ],
              [
                37.635078425,
                55.696364911
              ],
              [
                37.635073973,
                55.696365185
              ],
              [
                37.635070161,
                55.696366626
              ],
              [
                37.635068582,
                55.696369862
              ],
              [
                37.635059826,
                55.696367087
              ],
              [
                37.635036624,
                55.696372052
              ],
              [
                37.635032667,
                55.696377536
              ],
              [
                37.635028526,
                55.696375654
              ],
              [
                37.635023597,
                55.696375929
              ],
              [
                37.635018841,
                55.696380515
              ],
              [
                37.635009926,
                55.69637774
              ],
              [
                37.634986884,
                55.696382705
              ],
              [
                37.634983562,
                55.696388008
              ],
              [
                37.634974969,
                55.696386311
              ],
              [
                37.634970204,
                55.696388202
              ],
              [
                37.634969578,
                55.696391077
              ],
              [
                37.634960186,
                55.696388393
              ],
              [
                37.634936984,
                55.696393358
              ],
              [
                37.634933663,
                55.696398751
              ],
              [
                37.634925705,
                55.696396963
              ],
              [
                37.634920464,
                55.696398855
              ],
              [
                37.634919202,
                55.696401821
              ],
              [
                37.634910286,
                55.696399046
              ],
              [
                37.634887244,
                55.696404011
              ],
              [
                37.634883923,
                55.696409404
              ],
              [
                37.634875329,
                55.696407707
              ],
              [
                37.634870564,
                55.696409509
              ],
              [
                37.634869302,
                55.696412474
              ],
              [
                37.634860546,
                55.696409699
              ],
              [
                37.634837344,
                55.696414664
              ],
              [
                37.634834023,
                55.696420057
              ],
              [
                37.634826542,
                55.696418269
              ],
              [
                37.634821776,
                55.696419532
              ],
              [
                37.634819562,
                55.696423127
              ],
              [
                37.634810646,
                55.696420352
              ],
              [
                37.634787604,
                55.696425317
              ],
              [
                37.634784283,
                55.69643071
              ],
              [
                37.634775689,
                55.696429013
              ],
              [
                37.634771401,
                55.696430634
              ],
              [
                37.634769662,
                55.69643378
              ],
              [
                37.634760906,
                55.696431005
              ],
              [
                37.634737704,
                55.69643597
              ],
              [
                37.634734383,
                55.696441363
              ],
              [
                37.634727379,
                55.696439485
              ],
              [
                37.634722136,
                55.696440838
              ],
              [
                37.634719922,
                55.696444433
              ],
              [
                37.634711165,
                55.696441658
              ],
              [
                37.634687964,
                55.696446623
              ],
              [
                37.634684007,
                55.696452196
              ],
              [
                37.634681457,
                55.696450582
              ],
              [
                37.63467446,
                55.69645068
              ],
              [
                37.634670022,
                55.696455176
              ],
              [
                37.634661266,
                55.696452401
              ],
              [
                37.634638064,
                55.696457366
              ],
              [
                37.634634266,
                55.696462849
              ],
              [
                37.634626785,
                55.696460881
              ],
              [
                37.634621544,
                55.696462863
              ],
              [
                37.634620282,
                55.696465828
              ],
              [
                37.634611525,
                55.696463054
              ],
              [
                37.634588324,
                55.696468019
              ],
              [
                37.634585002,
                55.696473322
              ],
              [
                37.634579907,
                55.696471531
              ],
              [
                37.634574343,
                55.696472076
              ],
              [
                37.634571018,
                55.696476391
              ],
              [
                37.634561626,
                55.696473707
              ],
              [
                37.634538424,
                55.696478672
              ],
              [
                37.634534626,
                55.696484155
              ],
              [
                37.634530803,
                55.696482273
              ],
              [
                37.63452635,
                55.696482368
              ],
              [
                37.634521587,
                55.696484528
              ],
              [
                37.634520641,
                55.696487134
              ],
              [
                37.634511885,
                55.696484359
              ],
              [
                37.634488683,
                55.696489325
              ],
              [
                37.634485362,
                55.696494717
              ],
              [
                37.634481699,
                55.696493105
              ],
              [
                37.634475656,
                55.696493201
              ],
              [
                37.634470742,
                55.696497787
              ],
              [
                37.634461986,
                55.696495012
              ],
              [
                37.634438784,
                55.696499978
              ],
              [
                37.634435463,
                55.69650537
              ],
              [
                37.634428459,
                55.696503492
              ],
              [
                37.634423691,
                55.696504575
              ],
              [
                37.634421001,
                55.69650844
              ],
              [
                37.634412245,
                55.696505665
              ],
              [
                37.634389043,
                55.69651063
              ],
              [
                37.634385722,
                55.696516023
              ],
              [
                37.634376492,
                55.696514416
              ],
              [
                37.634372364,
                55.696516217
              ],
              [
                37.634371101,
                55.696519093
              ],
              [
                37.634362345,
                55.696516318
              ],
              [
                37.634339143,
                55.696521283
              ],
              [
                37.634335822,
                55.696526676
              ],
              [
                37.634329136,
                55.696524797
              ],
              [
                37.634323575,
                55.69652615
              ],
              [
                37.634321361,
                55.696529746
              ],
              [
                37.634312604,
                55.696526971
              ],
              [
                37.634289403,
                55.696531936
              ],
              [
                37.634286081,
                55.696537329
              ],
              [
                37.634277965,
                55.696535541
              ],
              [
                37.634272723,
                55.696537523
              ],
              [
                37.634271461,
                55.696540488
              ],
              [
                37.634262705,
                55.696537713
              ],
              [
                37.634239503,
                55.696542589
              ],
              [
                37.634235705,
                55.696548162
              ],
              [
                37.634230768,
                55.696546191
              ],
              [
                37.634225681,
                55.696546736
              ],
              [
                37.63422172,
                55.696551141
              ],
              [
                37.634212964,
                55.696548366
              ],
              [
                37.634189762,
                55.696553331
              ],
              [
                37.634185805,
                55.696558815
              ],
              [
                37.634182141,
                55.696556932
              ],
              [
                37.634177529,
                55.696557027
              ],
              [
                37.634173083,
                55.696558828
              ],
              [
                37.63417182,
                55.696561794
              ],
              [
                37.634163064,
                55.696559019
              ],
              [
                37.634139862,
                55.696563984
              ],
              [
                37.634136541,
                55.696569287
              ],
              [
                37.634133037,
                55.696567764
              ],
              [
                37.634126517,
                55.696567951
              ],
              [
                37.634123342,
                55.696569481
              ],
              [
                37.634122556,
                55.696572356
              ],
              [
                37.634113323,
                55.696569672
              ],
              [
                37.634090122,
                55.696574637
              ],
              [
                37.6340868,
                55.696580029
              ],
              [
                37.6340825,
                55.696578238
              ],
              [
                37.634077571,
                55.696578423
              ],
              [
                37.634073125,
                55.696580493
              ],
              [
                37.63407218,
                55.696583099
              ],
              [
                37.634063423,
                55.696580324
              ],
              [
                37.634040222,
                55.69658529
              ],
              [
                37.6340369,
                55.696590682
              ],
              [
                37.634029896,
                55.696588804
              ],
              [
                37.634023701,
                55.696590786
              ],
              [
                37.634022439,
                55.696593752
              ],
              [
                37.634013683,
                55.696590977
              ],
              [
                37.633990481,
                55.696595942
              ],
              [
                37.633987159,
                55.696601335
              ],
              [
                37.633978248,
                55.696599638
              ],
              [
                37.633974277,
                55.696601169
              ],
              [
                37.633972698,
                55.696604404
              ],
              [
                37.633963783,
                55.69660163
              ],
              [
                37.633940581,
                55.696606595
              ],
              [
                37.633937259,
                55.696611988
              ],
              [
                37.633929302,
                55.6966102
              ],
              [
                37.633924377,
                55.696611912
              ],
              [
                37.633922798,
                55.696615057
              ],
              [
                37.633914042,
                55.696612282
              ],
              [
                37.63389084,
                55.696617247
              ],
              [
                37.633887518,
                55.69662264
              ],
              [
                37.633879084,
                55.696620943
              ],
              [
                37.633874636,
                55.696622564
              ],
              [
                37.633873057,
                55.696625799
              ],
              [
                37.633863505,
                55.696622756
              ],
              [
                37.633854954,
                55.696633723
              ],
              [
                37.633865299,
                55.696636047
              ],
              [
                37.633862284,
                55.696637757
              ],
              [
                37.633862135,
                55.696640901
              ],
              [
                37.633865324,
                55.696643233
              ],
              [
                37.633870574,
                55.696643945
              ],
              [
                37.633865661,
                55.696648891
              ],
              [
                37.633874452,
                55.696661995
              ],
              [
                37.633884161,
                55.69666423
              ],
              [
                37.633880987,
                55.696666119
              ],
              [
                37.633881476,
                55.696669532
              ],
              [
                37.633889436,
                55.696672038
              ],
              [
                37.633884523,
                55.696677073
              ],
              [
                37.633893314,
                55.696690088
              ],
              [
                37.633902703,
                55.696691964
              ],
              [
                37.633899858,
                55.696696997
              ],
              [
                37.633902569,
                55.696699329
              ],
              [
                37.633908137,
                55.696699862
              ],
              [
                37.633903384,
                55.696705166
              ],
              [
                37.633912176,
                55.69671827
              ],
              [
                37.633921724,
                55.696720146
              ],
              [
                37.633918399,
                55.696724371
              ],
              [
                37.633921908,
                55.696727601
              ],
              [
                37.633927159,
                55.696728314
              ],
              [
                37.633922246,
                55.696733349
              ],
              [
                37.633929118,
                55.696743401
              ],
              [
                37.633938508,
                55.696745367
              ],
              [
                37.633935503,
                55.69675013
              ],
              [
                37.633941398,
                55.696753358
              ],
              [
                37.63396778,
                55.696748119
              ],
              [
                37.633994473,
                55.6967877
              ],
              [
                37.634001306,
                55.696786256
              ],
              [
                37.634040788,
                55.696845044
              ],
              [
                37.634033795,
                55.696846489
              ],
              [
                37.634036992,
                55.696851246
              ],
              [
                37.634007592,
                55.696857565
              ],
              [
                37.634102699,
                55.696999196
              ],
              [
                37.634148152,
                55.696989985
              ],
              [
                37.63416062,
                55.697008653
              ],
              [
                37.634134875,
                55.69701425
              ],
              [
                37.634128365,
                55.697017131
              ],
              [
                37.634122978,
                55.697022976
              ],
              [
                37.634123479,
                55.69703025
              ],
              [
                37.634335756,
                55.69734672
              ],
              [
                37.634576837,
                55.697295081
              ],
              [
                37.63457332,
                55.697289786
              ]
            ]
          ],
          [
            [
              [
                37.63603757,
                55.696970852
              ],
              [
                37.636033253,
                55.6969643
              ],
              [
                37.636019745,
                55.696967189
              ],
              [
                37.63602422,
                55.696973651
              ],
              [
                37.63603757,
                55.696970852
              ]
            ]
          ],
          [
            [
              [
                37.635993769,
                55.696905512
              ],
              [
                37.635989452,
                55.69689905
              ],
              [
                37.635975945,
                55.696901939
              ],
              [
                37.635980261,
                55.696908401
              ],
              [
                37.635993769,
                55.696905512
              ]
            ]
          ],
          [
            [
              [
                37.636024781,
                55.696951735
              ],
              [
                37.636020306,
                55.696945273
              ],
              [
                37.636006956,
                55.696948072
              ],
              [
                37.636011273,
                55.696954534
              ],
              [
                37.636024781,
                55.696951735
              ]
            ]
          ],
          [
            [
              [
                37.635963396,
                55.696860367
              ],
              [
                37.63595908,
                55.696853905
              ],
              [
                37.635945731,
                55.696856794
              ],
              [
                37.635950048,
                55.696863256
              ],
              [
                37.635963396,
                55.696860367
              ]
            ]
          ],
          [
            [
              [
                37.636045083,
                55.696982071
              ],
              [
                37.636040767,
                55.696975609
              ],
              [
                37.636027418,
                55.696978498
              ],
              [
                37.636031734,
                55.69698496
              ],
              [
                37.636045083,
                55.696982071
              ]
            ]
          ],
          [
            [
              [
                37.635976185,
                55.696879484
              ],
              [
                37.635971869,
                55.696873022
              ],
              [
                37.63595852,
                55.696875911
              ],
              [
                37.635962836,
                55.696882373
              ],
              [
                37.635976185,
                55.696879484
              ]
            ]
          ],
          [
            [
              [
                37.635955883,
                55.696849148
              ],
              [
                37.635951567,
                55.696842686
              ],
              [
                37.635938218,
                55.696845485
              ],
              [
                37.635942534,
                55.696851947
              ],
              [
                37.635955883,
                55.696849148
              ]
            ]
          ],
          [
            [
              [
                37.636007197,
                55.696925707
              ],
              [
                37.636002881,
                55.696919245
              ],
              [
                37.635989532,
                55.696922044
              ],
              [
                37.635993848,
                55.696928506
              ],
              [
                37.636007197,
                55.696925707
              ]
            ]
          ]
        ]
      }
    },
    {
      "type": "Feature",
      "properties": {
        "id": 88,
        "object_type": "restriction",
        "restriction_type": "oks",
        "address": "улица Архитектора Щусева, дом 5, корпус 1"
      },
      "geometry": {
        "type": "MultiPolygon",
        "coordinates": [
          [
            [
              [
                37.636138755,
                55.697534443
              ],
              [
                37.636141774,
                55.697533721
              ],
              [
                37.636147209,
                55.697541709
              ],
              [
                37.63614419,
                55.697542341
              ],
              [
                37.636158257,
                55.697563343
              ],
              [
                37.636161436,
                55.697562711
              ],
              [
                37.636204118,
                55.697626076
              ],
              [
                37.636201098,
                55.697626708
              ],
              [
                37.636211809,
                55.697642684
              ],
              [
                37.636214829,
                55.697642052
              ],
              [
                37.636223621,
                55.697655066
              ],
              [
                37.636220601,
                55.697655698
              ],
              [
                37.636234828,
                55.697676699
              ],
              [
                37.636237847,
                55.697675978
              ],
              [
                37.636246639,
                55.697688992
              ],
              [
                37.636243461,
                55.697689714
              ],
              [
                37.63625433,
                55.697705599
              ],
              [
                37.63625735,
                55.697704967
              ],
              [
                37.636262626,
                55.697712866
              ],
              [
                37.636259606,
                55.697713498
              ],
              [
                37.636269997,
                55.697728845
              ],
              [
                37.636274387,
                55.697727906
              ],
              [
                37.636277314,
                55.697729466
              ],
              [
                37.636343977,
                55.697829001
              ],
              [
                37.636318868,
                55.697834418
              ],
              [
                37.636320147,
                55.697836303
              ],
              [
                37.636303143,
                55.697839914
              ],
              [
                37.636301864,
                55.697838029
              ],
              [
                37.636271034,
                55.69784471
              ],
              [
                37.636272312,
                55.697846595
              ],
              [
                37.636255308,
                55.697850206
              ],
              [
                37.636254029,
                55.697848322
              ],
              [
                37.63622304,
                55.697855002
              ],
              [
                37.636224319,
                55.697856887
              ],
              [
                37.636207314,
                55.697860588
              ],
              [
                37.636206035,
                55.697858614
              ],
              [
                37.636175205,
                55.697865294
              ],
              [
                37.636176484,
                55.697867179
              ],
              [
                37.636161228,
                55.69787043
              ],
              [
                37.636166823,
                55.697878776
              ],
              [
                37.636132337,
                55.69788618
              ],
              [
                37.636126742,
                55.697877922
              ],
              [
                37.636111486,
                55.697881173
              ],
              [
                37.636110207,
                55.697879288
              ],
              [
                37.636079377,
                55.697885879
              ],
              [
                37.636080497,
                55.697887853
              ],
              [
                37.636063492,
                55.697891465
              ],
              [
                37.636062213,
                55.69788958
              ],
              [
                37.636031383,
                55.697896261
              ],
              [
                37.636032662,
                55.697898146
              ],
              [
                37.636015657,
                55.697901757
              ],
              [
                37.636014378,
                55.697899872
              ],
              [
                37.635983389,
                55.697906553
              ],
              [
                37.635984668,
                55.697908438
              ],
              [
                37.635967663,
                55.697912049
              ],
              [
                37.635966385,
                55.697910164
              ],
              [
                37.635935554,
                55.697916845
              ],
              [
                37.635936833,
                55.69791873
              ],
              [
                37.635919829,
                55.697922431
              ],
              [
                37.63591855,
                55.697920546
              ],
              [
                37.63588756,
                55.697927137
              ],
              [
                37.635888839,
                55.697929022
              ],
              [
                37.635871835,
                55.697932723
              ],
              [
                37.635870556,
                55.697930838
              ],
              [
                37.635839725,
                55.697937429
              ],
              [
                37.635841004,
                55.697939314
              ],
              [
                37.635824,
                55.697943015
              ],
              [
                37.635822721,
                55.69794113
              ],
              [
                37.635791732,
                55.697947811
              ],
              [
                37.635793011,
                55.697949696
              ],
              [
                37.635776006,
                55.697953307
              ],
              [
                37.635774727,
                55.697951422
              ],
              [
                37.635742943,
                55.697958284
              ],
              [
                37.635749658,
                55.697968426
              ],
              [
                37.635723913,
                55.697974023
              ],
              [
                37.635718318,
                55.697965766
              ],
              [
                37.635680177,
                55.697973891
              ],
              [
                37.635678898,
                55.697972006
              ],
              [
                37.635647909,
                55.697978687
              ],
              [
                37.635649188,
                55.697980572
              ],
              [
                37.635632183,
                55.697984273
              ],
              [
                37.635630904,
                55.697982388
              ],
              [
                37.635600074,
                55.697988979
              ],
              [
                37.635601353,
                55.697990864
              ],
              [
                37.635584348,
                55.697994565
              ],
              [
                37.635583069,
                55.69799268
              ],
              [
                37.63555208,
                55.697999271
              ],
              [
                37.635553358,
                55.698001156
              ],
              [
                37.635515218,
                55.698009371
              ],
              [
                37.635520813,
                55.698017718
              ],
              [
                37.635495067,
                55.698023225
              ],
              [
                37.63548724,
                55.698013264
              ],
              [
                37.635456251,
                55.698019944
              ],
              [
                37.63545753,
                55.698021829
              ],
              [
                37.635440525,
                55.698025441
              ],
              [
                37.635439246,
                55.698023556
              ],
              [
                37.635408416,
                55.698030236
              ],
              [
                37.635409694,
                55.698032121
              ],
              [
                37.63539269,
                55.698035822
              ],
              [
                37.635391411,
                55.698033937
              ],
              [
                37.635360421,
                55.698040528
              ],
              [
                37.6353617,
                55.698042413
              ],
              [
                37.635344696,
                55.698046114
              ],
              [
                37.635343417,
                55.698044229
              ],
              [
                37.635312586,
                55.69805082
              ],
              [
                37.635313865,
                55.698052705
              ],
              [
                37.635296702,
                55.698056406
              ],
              [
                37.635295582,
                55.698054521
              ],
              [
                37.635264592,
                55.698061202
              ],
              [
                37.635265871,
                55.698063086
              ],
              [
                37.635248866,
                55.698066698
              ],
              [
                37.635247588,
                55.698064813
              ],
              [
                37.635216598,
                55.698071494
              ],
              [
                37.635265672,
                55.698144103
              ],
              [
                37.635159036,
                55.698167034
              ],
              [
                37.635148807,
                55.698152225
              ],
              [
                37.635153574,
                55.698151232
              ],
              [
                37.635123202,
                55.698105996
              ],
              [
                37.635118275,
                55.69810708
              ],
              [
                37.635111402,
                55.698096848
              ],
              [
                37.635116169,
                55.698095765
              ],
              [
                37.635108816,
                55.698084815
              ],
              [
                37.635094195,
                55.698087975
              ],
              [
                37.635081726,
                55.698069396
              ],
              [
                37.635086494,
                55.698068313
              ],
              [
                37.635084096,
                55.698064723
              ],
              [
                37.635079487,
                55.698065716
              ],
              [
                37.635067018,
                55.698047137
              ],
              [
                37.635081321,
                55.698044067
              ],
              [
                37.635073968,
                55.698033118
              ],
              [
                37.635069359,
                55.698034111
              ],
              [
                37.635056891,
                55.698015532
              ],
              [
                37.635061499,
                55.698014539
              ],
              [
                37.635058942,
                55.698010949
              ],
              [
                37.635054493,
                55.698011942
              ],
              [
                37.635047781,
                55.698002518
              ],
              [
                37.635041706,
                55.697993453
              ],
              [
                37.635046474,
                55.69799237
              ],
              [
                37.63503912,
                55.69798142
              ],
              [
                37.635034353,
                55.697982413
              ],
              [
                37.635022043,
                55.697963834
              ],
              [
                37.635026652,
                55.697962841
              ],
              [
                37.635024095,
                55.697959251
              ],
              [
                37.635019645,
                55.697960244
              ],
              [
                37.635007176,
                55.697941665
              ],
              [
                37.635011626,
                55.697940673
              ],
              [
                37.635004273,
                55.697929723
              ],
              [
                37.634989811,
                55.697932792
              ],
              [
                37.634977342,
                55.697914214
              ],
              [
                37.634981951,
                55.697913221
              ],
              [
                37.634979394,
                55.697909631
              ],
              [
                37.634974626,
                55.697910624
              ],
              [
                37.634962158,
                55.697892135
              ],
              [
                37.634976779,
                55.697888975
              ],
              [
                37.63493202,
                55.697822558
              ],
              [
                37.634927253,
                55.697823641
              ],
              [
                37.6349175,
                55.697808652
              ],
              [
                37.63492195,
                55.697807749
              ],
              [
                37.634914597,
                55.69779671
              ],
              [
                37.634909829,
                55.697797793
              ],
              [
                37.63489752,
                55.697779124
              ],
              [
                37.634902128,
                55.697778131
              ],
              [
                37.634899571,
                55.697774541
              ],
              [
                37.634895122,
                55.697775534
              ],
              [
                37.634882653,
                55.697756955
              ],
              [
                37.634887103,
                55.697756052
              ],
              [
                37.634878311,
                55.697742858
              ],
              [
                37.634873702,
                55.697743851
              ],
              [
                37.634861234,
                55.697725272
              ],
              [
                37.634865684,
                55.697724369
              ],
              [
                37.634863286,
                55.697720689
              ],
              [
                37.634858836,
                55.697721682
              ],
              [
                37.634846208,
                55.697703104
              ],
              [
                37.634850817,
                55.6977022
              ],
              [
                37.634824122,
                55.69766253
              ],
              [
                37.634689676,
                55.697691418
              ],
              [
                37.63469639,
                55.697701381
              ],
              [
                37.634647442,
                55.697711853
              ],
              [
                37.6346281,
                55.697682953
              ],
              [
                37.634766201,
                55.697653252
              ],
              [
                37.634765402,
                55.697651995
              ],
              [
                37.634778751,
                55.697649106
              ],
              [
                37.634779709,
                55.697650363
              ],
              [
                37.634791152,
                55.697647925
              ],
              [
                37.634790352,
                55.697646669
              ],
              [
                37.63481642,
                55.697642419
              ],
              [
                37.63481562,
                55.697641162
              ],
              [
                37.634897305,
                55.697623648
              ],
              [
                37.634898264,
                55.697624904
              ],
              [
                37.634910182,
                55.697622287
              ],
              [
                37.634909224,
                55.69762103
              ],
              [
                37.63499075,
                55.697603516
              ],
              [
                37.634991549,
                55.697604773
              ],
              [
                37.635003786,
                55.697602155
              ],
              [
                37.635002828,
                55.697600898
              ],
              [
                37.635016336,
                55.697598009
              ],
              [
                37.635017135,
                55.697599266
              ],
              [
                37.635028737,
                55.697596828
              ],
              [
                37.635027937,
                55.697595572
              ],
              [
                37.635054323,
                55.697591321
              ],
              [
                37.635053364,
                55.697590065
              ],
              [
                37.635089915,
                55.697582211
              ],
              [
                37.635090715,
                55.697583467
              ],
              [
                37.635101521,
                55.69758112
              ],
              [
                37.635100563,
                55.697579864
              ],
              [
                37.635175255,
                55.697563884
              ],
              [
                37.635176214,
                55.697565141
              ],
              [
                37.635194012,
                55.697561259
              ],
              [
                37.635193213,
                55.697560002
              ],
              [
                37.635267905,
                55.697543933
              ],
              [
                37.635268704,
                55.697545189
              ],
              [
                37.635297787,
                55.69753896
              ],
              [
                37.635297306,
                55.697538062
              ],
              [
                37.635329253,
                55.697532189
              ],
              [
                37.635328453,
                55.697530933
              ],
              [
                37.635341802,
                55.697528044
              ],
              [
                37.635342602,
                55.6975293
              ],
              [
                37.635354203,
                55.697526773
              ],
              [
                37.635353403,
                55.697525516
              ],
              [
                37.635379789,
                55.697521266
              ],
              [
                37.635378989,
                55.697520009
              ],
              [
                37.635406482,
                55.697514141
              ],
              [
                37.635407282,
                55.697515397
              ],
              [
                37.635416976,
                55.697513321
              ],
              [
                37.635416017,
                55.697512064
              ],
              [
                37.635460673,
                55.697502495
              ],
              [
                37.635461473,
                55.697503751
              ],
              [
                37.635479431,
                55.697499869
              ],
              [
                37.635478472,
                55.697498613
              ],
              [
                37.635523128,
                55.697489043
              ],
              [
                37.635523928,
                55.6974903
              ],
              [
                37.635533622,
                55.697488223
              ],
              [
                37.635532822,
                55.697486967
              ],
              [
                37.635560315,
                55.697481009
              ],
              [
                37.635561115,
                55.697482265
              ],
              [
                37.635598302,
                55.69747432
              ],
              [
                37.635597822,
                55.697473423
              ],
              [
                37.635619756,
                55.697469716
              ],
              [
                37.635618956,
                55.697468459
              ],
              [
                37.635656143,
                55.697460425
              ],
              [
                37.635656943,
                55.697461681
              ],
              [
                37.635670768,
                55.697458702
              ],
              [
                37.63566981,
                55.697457446
              ],
              [
                37.635744501,
                55.697441376
              ],
              [
                37.635745301,
                55.697442632
              ],
              [
                37.63575722,
                55.697440104
              ],
              [
                37.63575642,
                55.697438848
              ],
              [
                37.635831112,
                55.697422778
              ],
              [
                37.635831911,
                55.697424035
              ],
              [
                37.635934096,
                55.697402096
              ],
              [
                37.635880384,
                55.697322307
              ],
              [
                37.635797112,
                55.697340272
              ],
              [
                37.635759226,
                55.697283997
              ],
              [
                37.634819069,
                55.697487209
              ],
              [
                37.63481843,
                55.697486312
              ],
              [
                37.634631703,
                55.697527473
              ],
              [
                37.634572423,
                55.697539214
              ],
              [
                37.634573062,
                55.697540111
              ],
              [
                37.634495033,
                55.697556903
              ],
              [
                37.634494393,
                55.697556005
              ],
              [
                37.634478819,
                55.697559345
              ],
              [
                37.634567525,
                55.697688318
              ],
              [
                37.634565936,
                55.697688679
              ],
              [
                37.634590707,
                55.697724041
              ],
              [
                37.634588483,
                55.697724582
              ],
              [
                37.634597754,
                55.697738314
              ],
              [
                37.634609355,
                55.697735876
              ],
              [
                37.6346255,
                55.69775993
              ],
              [
                37.634617236,
                55.697761735
              ],
              [
                37.634620913,
                55.69776721
              ],
              [
                37.634629177,
                55.697765405
              ],
              [
                37.634645481,
                55.697789459
              ],
              [
                37.63463388,
                55.697791986
              ],
              [
                37.634656897,
                55.697826002
              ],
              [
                37.634669492,
                55.69783497
              ],
              [
                37.634671558,
                55.697834519
              ],
              [
                37.634682268,
                55.697850405
              ],
              [
                37.634677818,
                55.697851398
              ],
              [
                37.634680216,
                55.697854988
              ],
              [
                37.634700877,
                55.697850834
              ],
              [
                37.634711267,
                55.697866272
              ],
              [
                37.634687748,
                55.697871596
              ],
              [
                37.634694458,
                55.697880661
              ],
              [
                37.634705138,
                55.697887835
              ],
              [
                37.634707204,
                55.697887383
              ],
              [
                37.634717914,
                55.69790327
              ],
              [
                37.634713464,
                55.697904262
              ],
              [
                37.634715862,
                55.697907853
              ],
              [
                37.634736523,
                55.697903698
              ],
              [
                37.634746913,
                55.697919136
              ],
              [
                37.634723394,
                55.697924461
              ],
              [
                37.63472819,
                55.697931821
              ],
              [
                37.634740785,
                55.697940789
              ],
              [
                37.634759062,
                55.697937086
              ],
              [
                37.634769452,
                55.697952524
              ],
              [
                37.634749111,
                55.697957127
              ],
              [
                37.634751509,
                55.697960807
              ],
              [
                37.634756118,
                55.697959814
              ],
              [
                37.634766827,
                55.6979757
              ],
              [
                37.63475904,
                55.697977415
              ],
              [
                37.634765751,
                55.697986389
              ],
              [
                37.634776431,
                55.697993653
              ],
              [
                37.634778497,
                55.697993202
              ],
              [
                37.634789366,
                55.698009088
              ],
              [
                37.634784757,
                55.698010081
              ],
              [
                37.634787155,
                55.698013671
              ],
              [
                37.634807816,
                55.698009427
              ],
              [
                37.634818365,
                55.698024954
              ],
              [
                37.634794687,
                55.698030279
              ],
              [
                37.634801397,
                55.698039254
              ],
              [
                37.634812078,
                55.698046517
              ],
              [
                37.634814303,
                55.698046066
              ],
              [
                37.634825013,
                55.698061952
              ],
              [
                37.634820404,
                55.698062945
              ],
              [
                37.634822802,
                55.698066535
              ],
              [
                37.634843462,
                55.698062291
              ],
              [
                37.634854012,
                55.698077818
              ],
              [
                37.634830333,
                55.698083143
              ],
              [
                37.634837044,
                55.698092208
              ],
              [
                37.634847724,
                55.698099381
              ],
              [
                37.634849949,
                55.69809893
              ],
              [
                37.634860659,
                55.698114816
              ],
              [
                37.63485605,
                55.698115809
              ],
              [
                37.634858448,
                55.698119399
              ],
              [
                37.634879109,
                55.698115245
              ],
              [
                37.634889659,
                55.698130682
              ],
              [
                37.63486598,
                55.698136008
              ],
              [
                37.634872691,
                55.698145072
              ],
              [
                37.634883371,
                55.698152246
              ],
              [
                37.634885596,
                55.698151794
              ],
              [
                37.634896306,
                55.69816768
              ],
              [
                37.634891697,
                55.698168673
              ],
              [
                37.634894095,
                55.698172264
              ],
              [
                37.634914756,
                55.698168109
              ],
              [
                37.634925305,
                55.698183547
              ],
              [
                37.634901627,
                55.698188872
              ],
              [
                37.634908337,
                55.698197936
              ],
              [
                37.634919018,
                55.69820511
              ],
              [
                37.634921243,
                55.698204658
              ],
              [
                37.634931953,
                55.698220634
              ],
              [
                37.634927344,
                55.698221538
              ],
              [
                37.634929901,
                55.698225217
              ],
              [
                37.634950562,
                55.698220973
              ],
              [
                37.634960952,
                55.698236501
              ],
              [
                37.634937274,
                55.698241826
              ],
              [
                37.634943984,
                55.6982508
              ],
              [
                37.634954665,
                55.698258064
              ],
              [
                37.634956889,
                55.698257523
              ],
              [
                37.634969838,
                55.698276909
              ],
              [
                37.635008297,
                55.698268694
              ],
              [
                37.635010056,
                55.698271207
              ],
              [
                37.635036119,
                55.698265609
              ],
              [
                37.63503436,
                55.698263007
              ],
              [
                37.635093321,
                55.698250368
              ],
              [
                37.63509492,
                55.69825297
              ],
              [
                37.635121142,
                55.698247283
              ],
              [
                37.635119384,
                55.69824477
              ],
              [
                37.635178344,
                55.698232131
              ],
              [
                37.635179943,
                55.698234644
              ],
              [
                37.635206165,
                55.698229047
              ],
              [
                37.635205046,
                55.698227162
              ],
              [
                37.635250656,
                55.698217411
              ],
              [
                37.635251935,
                55.698219296
              ],
              [
                37.63526004,
                55.698217491
              ],
              [
                37.635258761,
                55.698215606
              ],
              [
                37.63530453,
                55.698205766
              ],
              [
                37.63530581,
                55.69820774
              ],
              [
                37.635313755,
                55.698205935
              ],
              [
                37.635306882,
                55.698195793
              ],
              [
                37.635352651,
                55.698185953
              ],
              [
                37.635359525,
                55.698196095
              ],
              [
                37.635367471,
                55.69819438
              ],
              [
                37.635366192,
                55.698192495
              ],
              [
                37.635411961,
                55.698182655
              ],
              [
                37.63541324,
                55.698184539
              ],
              [
                37.635421345,
                55.698182824
              ],
              [
                37.635420066,
                55.698180939
              ],
              [
                37.635462181,
                55.698171911
              ],
              [
                37.63546346,
                55.698173796
              ],
              [
                37.635471406,
                55.698172081
              ],
              [
                37.635464532,
                55.698161849
              ],
              [
                37.635502832,
                55.698153633
              ],
              [
                37.635509706,
                55.698163865
              ],
              [
                37.635517651,
                55.69816206
              ],
              [
                37.635516373,
                55.698160175
              ],
              [
                37.63555801,
                55.698151237
              ],
              [
                37.635559289,
                55.698153212
              ],
              [
                37.635567235,
                55.698151407
              ],
              [
                37.635565956,
                55.698149522
              ],
              [
                37.635607593,
                55.698140584
              ],
              [
                37.635608872,
                55.698142469
              ],
              [
                37.635616818,
                55.698140754
              ],
              [
                37.635609945,
                55.698130612
              ],
              [
                37.635648245,
                55.698122396
              ],
              [
                37.635655118,
                55.698132538
              ],
              [
                37.635663064,
                55.698130823
              ],
              [
                37.635661786,
                55.698128938
              ],
              [
                37.635701675,
                55.698120362
              ],
              [
                37.635702954,
                55.698122246
              ],
              [
                37.635711059,
                55.698120531
              ],
              [
                37.63570978,
                55.698118646
              ],
              [
                37.635749669,
                55.69811007
              ],
              [
                37.635750948,
                55.698111954
              ],
              [
                37.635758894,
                55.698110239
              ],
              [
                37.63575202,
                55.698100007
              ],
              [
                37.63579032,
                55.698091792
              ],
              [
                37.635797194,
                55.698102023
              ],
              [
                37.635805298,
                55.698100218
              ],
              [
                37.63580402,
                55.698098333
              ],
              [
                37.635845498,
                55.698089396
              ],
              [
                37.635846777,
                55.698091281
              ],
              [
                37.635854882,
                55.698089565
              ],
              [
                37.635853603,
                55.69808768
              ],
              [
                37.635895081,
                55.698078743
              ],
              [
                37.63589636,
                55.698080627
              ],
              [
                37.635904306,
                55.698078912
              ],
              [
                37.635897432,
                55.69806877
              ],
              [
                37.635935732,
                55.698060465
              ],
              [
                37.635942606,
                55.698070696
              ],
              [
                37.635950711,
                55.698068981
              ],
              [
                37.635949432,
                55.698067096
              ],
              [
                37.635989321,
                55.698058519
              ],
              [
                37.6359906,
                55.698060404
              ],
              [
                37.635998546,
                55.698058689
              ],
              [
                37.635997267,
                55.698056804
              ],
              [
                37.636037156,
                55.698048227
              ],
              [
                37.636038435,
                55.698050112
              ],
              [
                37.63604654,
                55.698048397
              ],
              [
                37.636039666,
                55.698038165
              ],
              [
                37.636077966,
                55.698029949
              ],
              [
                37.63608484,
                55.698040091
              ],
              [
                37.636092786,
                55.698038376
              ],
              [
                37.636091507,
                55.698036491
              ],
              [
                37.636132985,
                55.698027553
              ],
              [
                37.636134264,
                55.698029438
              ],
              [
                37.636142369,
                55.698027723
              ],
              [
                37.63614109,
                55.698025838
              ],
              [
                37.636182568,
                55.6980169
              ],
              [
                37.636183847,
                55.698018785
              ],
              [
                37.636191952,
                55.698017069
              ],
              [
                37.636181881,
                55.69800226
              ],
              [
                37.636266427,
                55.697984114
              ],
              [
                37.636276497,
                55.697998923
              ],
              [
                37.636284443,
                55.697997207
              ],
              [
                37.636283165,
                55.697995322
              ],
              [
                37.636324802,
                55.697986384
              ],
              [
                37.63632608,
                55.697988269
              ],
              [
                37.636334026,
                55.697986554
              ],
              [
                37.636332748,
                55.697984669
              ],
              [
                37.636372636,
                55.697976002
              ],
              [
                37.636373915,
                55.697977887
              ],
              [
                37.63638202,
                55.697976172
              ],
              [
                37.636380741,
                55.697974287
              ],
              [
                37.63642063,
                55.69796571
              ],
              [
                37.636421909,
                55.697967595
              ],
              [
                37.636429855,
                55.69796588
              ],
              [
                37.636428576,
                55.697963995
              ],
              [
                37.636470213,
                55.697955057
              ],
              [
                37.636471492,
                55.697956942
              ],
              [
                37.636479438,
                55.697955226
              ],
              [
                37.6364708,
                55.697940775
              ],
              [
                37.63651927,
                55.697930392
              ],
              [
                37.636521988,
                55.697934431
              ],
              [
                37.636557109,
                55.697926847
              ],
              [
                37.636563983,
                55.697937079
              ],
              [
                37.636572088,
                55.697935364
              ],
              [
                37.636570809,
                55.697933479
              ],
              [
                37.636612287,
                55.697924541
              ],
              [
                37.636613566,
                55.697926426
              ],
              [
                37.636621512,
                55.697924621
              ],
              [
                37.636620392,
                55.697922736
              ],
              [
                37.63666028,
                55.697914159
              ],
              [
                37.636661559,
                55.697916043
              ],
              [
                37.636676021,
                55.697912974
              ],
              [
                37.636670585,
                55.697904716
              ],
              [
                37.6366655,
                55.6979058
              ],
              [
                37.636651911,
                55.697885606
              ],
              [
                37.636656838,
                55.697884522
              ],
              [
                37.6366538,
                55.697879945
              ],
              [
                37.636648874,
                55.697881028
              ],
              [
                37.636635127,
                55.697860834
              ],
              [
                37.636640212,
                55.697859751
              ],
              [
                37.636637174,
                55.697855173
              ],
              [
                37.636632089,
                55.697856257
              ],
              [
                37.636618501,
                55.697836063
              ],
              [
                37.636623427,
                55.697834979
              ],
              [
                37.63662039,
                55.697830492
              ],
              [
                37.636615463,
                55.697831485
              ],
              [
                37.636601875,
                55.697811291
              ],
              [
                37.636606801,
                55.697810208
              ],
              [
                37.636603764,
                55.69780572
              ],
              [
                37.636598679,
                55.697806804
              ],
              [
                37.63658509,
                55.69778652
              ],
              [
                37.636590016,
                55.697785437
              ],
              [
                37.636584581,
                55.697777269
              ],
              [
                37.636573139,
                55.697779707
              ],
              [
                37.636540688,
                55.69773169
              ],
              [
                37.636545295,
                55.697730427
              ],
              [
                37.63653922,
                55.697721362
              ],
              [
                37.636534293,
                55.697722176
              ],
              [
                37.636505678,
                55.697679634
              ],
              [
                37.636514254,
                55.697676301
              ],
              [
                37.636502904,
                55.697659338
              ],
              [
                37.636499885,
                55.69766006
              ],
              [
                37.636492372,
                55.69764911
              ],
              [
                37.636495551,
                55.697648478
              ],
              [
                37.636481324,
                55.697627476
              ],
              [
                37.636478304,
                55.697628108
              ],
              [
                37.636470951,
                55.697617248
              ],
              [
                37.63647397,
                55.697616526
              ],
              [
                37.636463259,
                55.69760064
              ],
              [
                37.63646024,
                55.697601272
              ],
              [
                37.636453047,
                55.697590772
              ],
              [
                37.636456225,
                55.697590139
              ],
              [
                37.636441998,
                55.697569137
              ],
              [
                37.636438979,
                55.69756977
              ],
              [
                37.636433225,
                55.697561423
              ],
              [
                37.636436403,
                55.697560701
              ],
              [
                37.636425533,
                55.697544815
              ],
              [
                37.636422514,
                55.697545447
              ],
              [
                37.636417238,
                55.697537459
              ],
              [
                37.636420258,
                55.697536827
              ],
              [
                37.636406031,
                55.697515825
              ],
              [
                37.636403011,
                55.697516457
              ],
              [
                37.636397577,
                55.697508559
              ],
              [
                37.636400755,
                55.697507837
              ],
              [
                37.636389885,
                55.697491951
              ],
              [
                37.636386866,
                55.697492583
              ],
              [
                37.636381431,
                55.697484595
              ],
              [
                37.636384609,
                55.697483963
              ],
              [
                37.636370382,
                55.697462961
              ],
              [
                37.636367363,
                55.697463593
              ],
              [
                37.636361928,
                55.697455605
              ],
              [
                37.636364948,
                55.697454973
              ],
              [
                37.636354237,
                55.697438997
              ],
              [
                37.636351218,
                55.697439719
              ],
              [
                37.636345622,
                55.697431283
              ],
              [
                37.636348642,
                55.69743065
              ],
              [
                37.636334415,
                55.697409649
              ],
              [
                37.636331395,
                55.697410281
              ],
              [
                37.636325961,
                55.697402383
              ],
              [
                37.636329139,
                55.697401661
              ],
              [
                37.63631827,
                55.697385775
              ],
              [
                37.63631525,
                55.697386407
              ],
              [
                37.636309974,
                55.697378419
              ],
              [
                37.636312994,
                55.697377787
              ],
              [
                37.636298767,
                55.697356785
              ],
              [
                37.636295747,
                55.697357417
              ],
              [
                37.636289033,
                55.697347365
              ],
              [
                37.636292053,
                55.697346733
              ],
              [
                37.63628406,
                55.697334975
              ],
              [
                37.636281041,
                55.697335607
              ],
              [
                37.636274167,
                55.697325555
              ],
              [
                37.636277346,
                55.697324923
              ],
              [
                37.636263119,
                55.697303921
              ],
              [
                37.6362601,
                55.697304553
              ],
              [
                37.636254504,
                55.697296116
              ],
              [
                37.636257524,
                55.697295484
              ],
              [
                37.636246654,
                55.697279598
              ],
              [
                37.636243635,
                55.69728023
              ],
              [
                37.636238359,
                55.697272242
              ],
              [
                37.636241378,
                55.69727161
              ],
              [
                37.636227152,
                55.697250608
              ],
              [
                37.636224132,
                55.697251241
              ],
              [
                37.636217418,
                55.697241188
              ],
              [
                37.636220437,
                55.697240556
              ],
              [
                37.636209568,
                55.69722458
              ],
              [
                37.636206548,
                55.697225213
              ],
              [
                37.636201433,
                55.697217673
              ],
              [
                37.636204612,
                55.697217041
              ],
              [
                37.636186868,
                55.697190834
              ],
              [
                37.636159852,
                55.697196612
              ],
              [
                37.636160972,
                55.697198407
              ],
              [
                37.636144603,
                55.697201928
              ],
              [
                37.636143484,
                55.697200133
              ],
              [
                37.636115197,
                55.697206272
              ],
              [
                37.636116475,
                55.697207977
              ],
              [
                37.636092637,
                55.697213123
              ],
              [
                37.636091518,
                55.697211328
              ],
              [
                37.636054332,
                55.697219363
              ],
              [
                37.636055451,
                55.697221068
              ],
              [
                37.636027958,
                55.697227026
              ],
              [
                37.636026839,
                55.697225231
              ],
              [
                37.636006021,
                55.697229745
              ],
              [
                37.63600714,
                55.69723145
              ],
              [
                37.635990136,
                55.697235151
              ],
              [
                37.635988858,
                55.697233446
              ],
              [
                37.635942613,
                55.697243377
              ],
              [
                37.635952844,
                55.697258635
              ],
              [
                37.635955863,
                55.697258003
              ],
              [
                37.635962736,
                55.697268055
              ],
              [
                37.635959717,
                55.697268777
              ],
              [
                37.635967551,
                55.697280535
              ],
              [
                37.63597057,
                55.697279813
              ],
              [
                37.6359808,
                55.697294981
              ],
              [
                37.635977781,
                55.697295613
              ],
              [
                37.635991849,
                55.697316615
              ],
              [
                37.635995027,
                55.697315893
              ],
              [
                37.636005098,
                55.697331061
              ],
              [
                37.636002079,
                55.697331693
              ],
              [
                37.636010071,
                55.697343451
              ],
              [
                37.636013091,
                55.697342819
              ],
              [
                37.636060407,
                55.697412915
              ],
              [
                37.636057229,
                55.697413547
              ],
              [
                37.636065221,
                55.697425305
              ],
              [
                37.636068241,
                55.697424673
              ],
              [
                37.636075114,
                55.697434725
              ],
              [
                37.636071936,
                55.697435357
              ],
              [
                37.636086162,
                55.697456359
              ],
              [
                37.636089182,
                55.697455727
              ],
              [
                37.636094936,
                55.697464073
              ],
              [
                37.636091757,
                55.697464706
              ],
              [
                37.636102627,
                55.697480681
              ],
              [
                37.636105647,
                55.697480049
              ],
              [
                37.636111242,
                55.697488396
              ],
              [
                37.636108222,
                55.697489118
              ],
              [
                37.63611391,
                55.697497478
              ],
              [
                37.636083307,
                55.697504594
              ],
              [
                37.636103289,
                55.697534123
              ],
              [
                37.636134237,
                55.697527703
              ],
              [
                37.636138755,
                55.697534443
              ]
            ]
          ]
        ]
      }
    },
    {
      "type": "Feature",
      "properties": {
        "id": 89,
        "object_type": "restriction",
        "restriction_type": "oks",
        "address": "улица Архитектора Щусева, дом 4, корпус 2"
      },
      "geometry": {
        "type": "MultiPolygon",
        "coordinates": [
          [
            [
              [
                37.632926773,
                55.697650755
              ],
              [
                37.633018948,
                55.697630985
              ],
              [
                37.633020067,
                55.69763269
              ],
              [
                37.633045653,
                55.697627184
              ],
              [
                37.633044375,
                55.697625389
              ],
              [
                37.633063453,
                55.697623392
              ],
              [
                37.633095554,
                55.697616442
              ],
              [
                37.633094276,
                55.697614647
              ],
              [
                37.633112234,
                55.697610765
              ],
              [
                37.633113354,
                55.69761265
              ],
              [
                37.633125909,
                55.697609942
              ],
              [
                37.63312463,
                55.697608057
              ],
              [
                37.633206156,
                55.697590545
              ],
              [
                37.633207276,
                55.69759243
              ],
              [
                37.633219513,
                55.697589722
              ],
              [
                37.633218234,
                55.697587927
              ],
              [
                37.633299761,
                55.697570414
              ],
              [
                37.63330088,
                55.697572209
              ],
              [
                37.633326466,
                55.697566703
              ],
              [
                37.633325188,
                55.697564908
              ],
              [
                37.633342987,
                55.697561026
              ],
              [
                37.633344266,
                55.697562911
              ],
              [
                37.633376526,
                55.69755596
              ],
              [
                37.633375248,
                55.697554075
              ],
              [
                37.633393047,
                55.697550284
              ],
              [
                37.633394325,
                55.697552079
              ],
              [
                37.633406721,
                55.697549461
              ],
              [
                37.633405443,
                55.697547576
              ],
              [
                37.633486969,
                55.697530063
              ],
              [
                37.633488247,
                55.697531858
              ],
              [
                37.633500325,
                55.69752924
              ],
              [
                37.633499206,
                55.697527445
              ],
              [
                37.633580573,
                55.697509932
              ],
              [
                37.633581851,
                55.697511727
              ],
              [
                37.633593929,
                55.697509109
              ],
              [
                37.63359281,
                55.697507224
              ],
              [
                37.633669886,
                55.697490614
              ],
              [
                37.633671165,
                55.697492499
              ],
              [
                37.633709146,
                55.697484284
              ],
              [
                37.633707868,
                55.697482489
              ],
              [
                37.633812596,
                55.697459921
              ],
              [
                37.633782706,
                55.697415673
              ],
              [
                37.633785885,
                55.697415041
              ],
              [
                37.633776294,
                55.69740086
              ],
              [
                37.633773116,
                55.697401492
              ],
              [
                37.633741948,
                55.697355539
              ],
              [
                37.633745285,
                55.697354817
              ],
              [
                37.633740649,
                55.697347906
              ],
              [
                37.633737312,
                55.697348628
              ],
              [
                37.633707902,
                55.697305098
              ],
              [
                37.633711239,
                55.697304376
              ],
              [
                37.633703247,
                55.697292618
              ],
              [
                37.633700069,
                55.69729334
              ],
              [
                37.633672258,
                55.697252233
              ],
              [
                37.633675595,
                55.697251511
              ],
              [
                37.633667284,
                55.697239305
              ],
              [
                37.633664105,
                55.697240027
              ],
              [
                37.633653397,
                55.69722432
              ],
              [
                37.633656734,
                55.697223688
              ],
              [
                37.633652099,
                55.697216777
              ],
              [
                37.633648761,
                55.697217499
              ],
              [
                37.633634057,
                55.697195779
              ],
              [
                37.633637394,
                55.697195056
              ],
              [
                37.633615656,
                55.697162925
              ],
              [
                37.633612478,
                55.697163557
              ],
              [
                37.63358131,
                55.697117604
              ],
              [
                37.633584647,
                55.697116882
              ],
              [
                37.633580012,
                55.69711006
              ],
              [
                37.633576674,
                55.697110693
              ],
              [
                37.633545666,
                55.697064739
              ],
              [
                37.633549003,
                55.697064017
              ],
              [
                37.633544368,
                55.697057196
              ],
              [
                37.633541031,
                55.697057828
              ],
              [
                37.633510022,
                55.697011874
              ],
              [
                37.6335132,
                55.697011152
              ],
              [
                37.633508565,
                55.697004241
              ],
              [
                37.633505387,
                55.697004963
              ],
              [
                37.633474219,
                55.69695901
              ],
              [
                37.633477557,
                55.696958288
              ],
              [
                37.633469565,
                55.69694653
              ],
              [
                37.633466387,
                55.696947252
              ],
              [
                37.633438576,
                55.696906145
              ],
              [
                37.633441913,
                55.696905423
              ],
              [
                37.633419376,
                55.696872125
              ],
              [
                37.633416039,
                55.696872847
              ],
              [
                37.633385031,
                55.696826804
              ],
              [
                37.633388209,
                55.696826082
              ],
              [
                37.633383574,
                55.69681926
              ],
              [
                37.633380395,
                55.696819893
              ],
              [
                37.633367609,
                55.696801044
              ],
              [
                37.633370946,
                55.696800322
              ],
              [
                37.633362955,
                55.696788565
              ],
              [
                37.633359617,
                55.696789287
              ],
              [
                37.63332749,
                55.696741538
              ],
              [
                37.633297932,
                55.696747947
              ],
              [
                37.633296653,
                55.696746062
              ],
              [
                37.633284575,
                55.69674868
              ],
              [
                37.633285695,
                55.696750565
              ],
              [
                37.633236113,
                55.696761217
              ],
              [
                37.633234834,
                55.696759332
              ],
              [
                37.633183345,
                55.696770436
              ],
              [
                37.633184623,
                55.69677232
              ],
              [
                37.633134564,
                55.696783063
              ],
              [
                37.633133286,
                55.696781268
              ],
              [
                37.633065426,
                55.696795353
              ],
              [
                37.633047311,
                55.696799773
              ],
              [
                37.63304859,
                55.696801658
              ],
              [
                37.632999325,
                55.69681222
              ],
              [
                37.632998047,
                55.696810335
              ],
              [
                37.632989306,
                55.696812231
              ],
              [
                37.632990585,
                55.696814115
              ],
              [
                37.632941479,
                55.696824677
              ],
              [
                37.632940201,
                55.696822792
              ],
              [
                37.632934796,
                55.696823517
              ],
              [
                37.632811158,
                55.696850146
              ],
              [
                37.632832411,
                55.696880482
              ],
              [
                37.632733088,
                55.696901876
              ],
              [
                37.632713264,
                55.696871269
              ],
              [
                37.632436269,
                55.696930847
              ],
              [
                37.632656996,
                55.697257729
              ],
              [
                37.632933993,
                55.697198061
              ],
              [
                37.632829146,
                55.697044045
              ],
              [
                37.632812301,
                55.697047656
              ],
              [
                37.632799834,
                55.697029167
              ],
              [
                37.632816679,
                55.697025556
              ],
              [
                37.63280661,
                55.697010837
              ],
              [
                37.632905934,
                55.696989353
              ],
              [
                37.632914729,
                55.697003625
              ],
              [
                37.633087792,
                55.696966343
              ],
              [
                37.633108767,
                55.69696138
              ],
              [
                37.633107489,
                55.696959585
              ],
              [
                37.633149125,
                55.696950559
              ],
              [
                37.633150724,
                55.696952892
              ],
              [
                37.633165026,
                55.696949733
              ],
              [
                37.633111641,
                55.696870661
              ],
              [
                37.63311339,
                55.696870299
              ],
              [
                37.633112111,
                55.696868415
              ],
              [
                37.633129115,
                55.696864804
              ],
              [
                37.633130394,
                55.696866599
              ],
              [
                37.633132142,
                55.696866237
              ],
              [
                37.633196555,
                55.696961555
              ],
              [
                37.633199733,
                55.696960833
              ],
              [
                37.633208364,
                55.696973668
              ],
              [
                37.633205186,
                55.69697439
              ],
              [
                37.63321094,
                55.696983006
              ],
              [
                37.633214277,
                55.696982284
              ],
              [
                37.633217315,
                55.696986952
              ],
              [
                37.633204443,
                55.69698975
              ],
              [
                37.63320684,
                55.69699325
              ],
              [
                37.63321272,
                55.696991986
              ],
              [
                37.633214159,
                55.69699414
              ],
              [
                37.63322131,
                55.696992606
              ],
              [
                37.63323186,
                55.697008403
              ],
              [
                37.633224708,
                55.697009937
              ],
              [
                37.633226306,
                55.697012091
              ],
              [
                37.633220426,
                55.697013355
              ],
              [
                37.633222823,
                55.697016855
              ],
              [
                37.633235696,
                55.697014147
              ],
              [
                37.633238892,
                55.697018814
              ],
              [
                37.633235555,
                55.697019446
              ],
              [
                37.63324003,
                55.697025908
              ],
              [
                37.633243208,
                55.697025276
              ],
              [
                37.633264626,
                55.697056869
              ],
              [
                37.633261288,
                55.697057502
              ],
              [
                37.633265923,
                55.697064413
              ],
              [
                37.633269261,
                55.69706369
              ],
              [
                37.633300269,
                55.697109734
              ],
              [
                37.633297091,
                55.697110366
              ],
              [
                37.633301726,
                55.697117277
              ],
              [
                37.633304904,
                55.697116555
              ],
              [
                37.633336072,
                55.697162598
              ],
              [
                37.633332735,
                55.697163321
              ],
              [
                37.633335931,
                55.697167988
              ],
              [
                37.633339269,
                55.697167355
              ],
              [
                37.633355093,
                55.697190961
              ],
              [
                37.633351915,
                55.697191682
              ],
              [
                37.633360386,
                55.697204338
              ],
              [
                37.633363724,
                55.697203616
              ],
              [
                37.633370437,
                55.697213668
              ],
              [
                37.633367259,
                55.69721439
              ],
              [
                37.633383243,
                55.697238175
              ],
              [
                37.63338658,
                55.697237453
              ],
              [
                37.633389777,
                55.69724212
              ],
              [
                37.633376745,
                55.697244918
              ],
              [
                37.633379143,
                55.697248418
              ],
              [
                37.633385023,
                55.697247155
              ],
              [
                37.633386462,
                55.697249399
              ],
              [
                37.633393613,
                55.697247864
              ],
              [
                37.633404163,
                55.697263661
              ],
              [
                37.633397171,
                55.697265195
              ],
              [
                37.633398609,
                55.697267349
              ],
              [
                37.633392729,
                55.697268613
              ],
              [
                37.633395127,
                55.697272113
              ],
              [
                37.633407999,
                55.697269315
              ],
              [
                37.633411195,
                55.697273982
              ],
              [
                37.633408017,
                55.697274704
              ],
              [
                37.633419526,
                55.697291847
              ],
              [
                37.633422704,
                55.697291125
              ],
              [
                37.633425901,
                55.697295792
              ],
              [
                37.633413028,
                55.697298501
              ],
              [
                37.633415426,
                55.697302091
              ],
              [
                37.633421147,
                55.697300827
              ],
              [
                37.633422585,
                55.697302981
              ],
              [
                37.633429737,
                55.697301447
              ],
              [
                37.633440445,
                55.697317243
              ],
              [
                37.633433294,
                55.697318778
              ],
              [
                37.633434733,
                55.697320932
              ],
              [
                37.633429012,
                55.697322195
              ],
              [
                37.633431409,
                55.697325696
              ],
              [
                37.633444282,
                55.697322987
              ],
              [
                37.633447478,
                55.697327565
              ],
              [
                37.633444141,
                55.697328287
              ],
              [
                37.633449895,
                55.697336813
              ],
              [
                37.633453232,
                55.697336091
              ],
              [
                37.633460266,
                55.697346682
              ],
              [
                37.633457087,
                55.697347404
              ],
              [
                37.633465399,
                55.69735988
              ],
              [
                37.633468737,
                55.697359158
              ],
              [
                37.633475929,
                55.697369749
              ],
              [
                37.633472592,
                55.697370471
              ],
              [
                37.633481223,
                55.697383216
              ],
              [
                37.633462947,
                55.697387187
              ],
              [
                37.633461669,
                55.697385303
              ],
              [
                37.633451657,
                55.697387469
              ],
              [
                37.633452936,
                55.697389354
              ],
              [
                37.633411934,
                55.6973982
              ],
              [
                37.633410656,
                55.697396316
              ],
              [
                37.633398578,
                55.697398933
              ],
              [
                37.633399697,
                55.697400818
              ],
              [
                37.633322621,
                55.697417428
              ],
              [
                37.633315918,
                55.697410519
              ],
              [
                37.633309721,
                55.697411873
              ],
              [
                37.633311799,
                55.697415105
              ],
              [
                37.633307985,
                55.697415917
              ],
              [
                37.633310702,
                55.697419956
              ],
              [
                37.633282732,
                55.697426004
              ],
              [
                37.633280015,
                55.697421965
              ],
              [
                37.633276201,
                55.697422778
              ],
              [
                37.633273963,
                55.697419547
              ],
              [
                37.633267766,
                55.697420901
              ],
              [
                37.633271442,
                55.697426286
              ],
              [
                37.633269058,
                55.697426827
              ],
              [
                37.633270337,
                55.697428712
              ],
              [
                37.633262073,
                55.697430427
              ],
              [
                37.633260794,
                55.697428632
              ],
              [
                37.633209304,
                55.697439736
              ],
              [
                37.633210583,
                55.697441531
              ],
              [
                37.633131599,
                55.697458502
              ],
              [
                37.63313048,
                55.697456707
              ],
              [
                37.633092339,
                55.697464921
              ],
              [
                37.633093617,
                55.697466716
              ],
              [
                37.633041809,
                55.69747791
              ],
              [
                37.633035106,
                55.697471001
              ],
              [
                37.63302875,
                55.697472355
              ],
              [
                37.633030987,
                55.697475586
              ],
              [
                37.633027173,
                55.697476398
              ],
              [
                37.63302989,
                55.697480437
              ],
              [
                37.63300192,
                55.697486485
              ],
              [
                37.632999203,
                55.697482446
              ],
              [
                37.632995389,
                55.697483259
              ],
              [
                37.632993151,
                55.697480028
              ],
              [
                37.632986954,
                55.697481382
              ],
              [
                37.63299063,
                55.697486767
              ],
              [
                37.632988246,
                55.697487308
              ],
              [
                37.632989525,
                55.697489193
              ],
              [
                37.63298126,
                55.697490909
              ],
              [
                37.632979982,
                55.697489114
              ],
              [
                37.632929445,
                55.697499946
              ],
              [
                37.632930564,
                55.697501741
              ],
              [
                37.632902753,
                55.697507699
              ],
              [
                37.632901634,
                55.697505994
              ],
              [
                37.632885106,
                55.697509515
              ],
              [
                37.632886226,
                55.69751131
              ],
              [
                37.632848244,
                55.697519524
              ],
              [
                37.632846965,
                55.697517729
              ],
              [
                37.632837113,
                55.697519985
              ],
              [
                37.632836484,
                55.697522321
              ],
              [
                37.632843038,
                55.697532105
              ],
              [
                37.632846216,
                55.697531383
              ],
              [
                37.632876425,
                55.69757617
              ],
              [
                37.632873247,
                55.697576802
              ],
              [
                37.632887792,
                55.697598343
              ],
              [
                37.632890811,
                55.697597621
              ],
              [
                37.632903597,
                55.697616469
              ],
              [
                37.632900578,
                55.697617191
              ],
              [
                37.632905213,
                55.697624102
              ],
              [
                37.632908233,
                55.69762338
              ],
              [
                37.632926773,
                55.697650755
              ]
            ]
          ]
        ]
      }
    },
    {
      "type": "Feature",
      "properties": {
        "id": 90,
        "object_type": "restriction",
        "restriction_type": "oks",
        "address": "улица Родченко, дом 1"
      },
      "geometry": {
        "type": "MultiPolygon",
        "coordinates": [
          [
            [
              [
                37.632674059,
                55.699676082
              ],
              [
                37.632759722,
                55.699657577
              ],
              [
                37.632748373,
                55.699640883
              ],
              [
                37.632822435,
                55.699624995
              ],
              [
                37.632813484,
                55.699611891
              ],
              [
                37.632854011,
                55.699603135
              ],
              [
                37.632764818,
                55.699470929
              ],
              [
                37.632797081,
                55.699463978
              ],
              [
                37.632784613,
                55.699445578
              ],
              [
                37.632981844,
                55.699403152
              ],
              [
                37.633055372,
                55.699512202
              ],
              [
                37.633023269,
                55.699519152
              ],
              [
                37.633048205,
                55.699556131
              ],
              [
                37.633080308,
                55.69954918
              ],
              [
                37.633154157,
                55.699658679
              ],
              [
                37.63337936,
                55.699610294
              ],
              [
                37.633348509,
                55.69956443
              ],
              [
                37.633380612,
                55.699557479
              ],
              [
                37.633366545,
                55.699536566
              ],
              [
                37.633334283,
                55.699543427
              ],
              [
                37.633308548,
                55.699505372
              ],
              [
                37.633372755,
                55.699491561
              ],
              [
                37.633291553,
                55.699371112
              ],
              [
                37.63332016,
                55.699364973
              ],
              [
                37.633294904,
                55.699327546
              ],
              [
                37.633229903,
                55.699341628
              ],
              [
                37.633175556,
                55.699261029
              ],
              [
                37.633087033,
                55.699280077
              ],
              [
                37.63308032,
                55.699270204
              ],
              [
                37.633153268,
                55.699254587
              ],
              [
                37.633147034,
                55.699245342
              ],
              [
                37.633074086,
                55.699260959
              ],
              [
                37.63306961,
                55.699254317
              ],
              [
                37.632433579,
                55.699391076
              ],
              [
                37.632605408,
                55.699645797
              ],
              [
                37.632582046,
                55.699650852
              ],
              [
                37.632620887,
                55.699708204
              ],
              [
                37.632686207,
                55.699694122
              ],
              [
                37.632674059,
                55.699676082
              ]
            ]
          ],
          [
            [
              [
                37.633203478,
                55.699240611
              ],
              [
                37.633194527,
                55.699227417
              ],
              [
                37.633171165,
                55.699232472
              ],
              [
                37.6331758,
                55.699239113
              ],
              [
                37.633187242,
                55.699236676
              ],
              [
                37.633191558,
                55.699243138
              ],
              [
                37.633203478,
                55.699240611
              ]
            ]
          ],
          [
            [
              [
                37.633227934,
                55.699276871
              ],
              [
                37.633216015,
                55.699279488
              ],
              [
                37.633224646,
                55.699292144
              ],
              [
                37.633236407,
                55.699289526
              ],
              [
                37.633227934,
                55.699276871
              ]
            ]
          ]
        ]
      }
    },
    {
      "type": "Feature",
      "properties": {
        "id": 91,
        "object_type": "restriction",
        "restriction_type": "oks",
        "address": "улица Архитектора Щусева, дом 4, корпус 1"
      },
      "geometry": {
        "type": "MultiPolygon",
        "coordinates": [
          [
            [
              [
                37.633574357,
                55.698584618
              ],
              [
                37.633598196,
                55.698579563
              ],
              [
                37.633599315,
                55.698581178
              ],
              [
                37.633621247,
                55.698576484
              ],
              [
                37.633620128,
                55.698574778
              ],
              [
                37.633667017,
                55.698566644
              ],
              [
                37.633665898,
                55.698564939
              ],
              [
                37.633712787,
                55.698556804
              ],
              [
                37.63370911,
                55.69855115
              ],
              [
                37.633693853,
                55.6985544
              ],
              [
                37.633687779,
                55.698545335
              ],
              [
                37.633780273,
                55.698525474
              ],
              [
                37.633786347,
                55.698534539
              ],
              [
                37.63377856,
                55.698536254
              ],
              [
                37.633782396,
                55.698541819
              ],
              [
                37.633804487,
                55.698537124
              ],
              [
                37.633803209,
                55.698535419
              ],
              [
                37.633827047,
                55.698530274
              ],
              [
                37.633828166,
                55.698531979
              ],
              [
                37.633850257,
                55.698527285
              ],
              [
                37.633849138,
                55.698525579
              ],
              [
                37.633872817,
                55.698520434
              ],
              [
                37.633873937,
                55.698522139
              ],
              [
                37.633896027,
                55.698517445
              ],
              [
                37.633894908,
                55.698515739
              ],
              [
                37.633918588,
                55.698510594
              ],
              [
                37.633919707,
                55.698512299
              ],
              [
                37.633941797,
                55.698507605
              ],
              [
                37.633940678,
                55.6985059
              ],
              [
                37.633964199,
                55.698500844
              ],
              [
                37.633965318,
                55.69850255
              ],
              [
                37.633987567,
                55.698497765
              ],
              [
                37.633983731,
                55.698492111
              ],
              [
                37.633972448,
                55.698494548
              ],
              [
                37.633966373,
                55.698485483
              ],
              [
                37.634061092,
                55.698465081
              ],
              [
                37.634067325,
                55.698474146
              ],
              [
                37.63405334,
                55.698477125
              ],
              [
                37.634057017,
                55.69848278
              ],
              [
                37.634101668,
                55.698471235
              ],
              [
                37.634102787,
                55.69847294
              ],
              [
                37.634147438,
                55.698461395
              ],
              [
                37.634148716,
                55.6984631
              ],
              [
                37.634170647,
                55.698458316
              ],
              [
                37.634169529,
                55.6984567
              ],
              [
                37.634193367,
                55.698451554
              ],
              [
                37.634194486,
                55.69845326
              ],
              [
                37.634216417,
                55.698448476
              ],
              [
                37.634215299,
                55.69844686
              ],
              [
                37.634239137,
                55.698441714
              ],
              [
                37.634240256,
                55.69844342
              ],
              [
                37.634262187,
                55.698438636
              ],
              [
                37.634261069,
                55.69843702
              ],
              [
                37.634284907,
                55.698431874
              ],
              [
                37.634286026,
                55.69843358
              ],
              [
                37.634307957,
                55.698428796
              ],
              [
                37.634306839,
                55.69842718
              ],
              [
                37.634330677,
                55.698422034
              ],
              [
                37.634331796,
                55.69842374
              ],
              [
                37.634353727,
                55.698418956
              ],
              [
                37.634352608,
                55.69841725
              ],
              [
                37.634376447,
                55.698412194
              ],
              [
                37.634377566,
                55.6984139
              ],
              [
                37.634399497,
                55.698409116
              ],
              [
                37.634398378,
                55.69840741
              ],
              [
                37.634445267,
                55.698399275
              ],
              [
                37.634436955,
                55.69838689
              ],
              [
                37.634433935,
                55.698387522
              ],
              [
                37.634424663,
                55.69837361
              ],
              [
                37.634427524,
                55.698372978
              ],
              [
                37.634419212,
                55.698360592
              ],
              [
                37.634416192,
                55.698361224
              ],
              [
                37.63440692,
                55.698347402
              ],
              [
                37.63440994,
                55.69834677
              ],
              [
                37.634401468,
                55.698334295
              ],
              [
                37.634398449,
                55.698334927
              ],
              [
                37.634389177,
                55.698321105
              ],
              [
                37.634392197,
                55.698320473
              ],
              [
                37.634383725,
                55.698307997
              ],
              [
                37.634380865,
                55.698308719
              ],
              [
                37.634371434,
                55.698294807
              ],
              [
                37.634374454,
                55.698294175
              ],
              [
                37.634366142,
                55.698281789
              ],
              [
                37.634363122,
                55.698282421
              ],
              [
                37.634353691,
                55.698268599
              ],
              [
                37.634356711,
                55.698267877
              ],
              [
                37.634348398,
                55.698255492
              ],
              [
                37.634343154,
                55.698256575
              ],
              [
                37.634344273,
                55.698258191
              ],
              [
                37.634251303,
                55.698278142
              ],
              [
                37.634237404,
                55.698259924
              ],
              [
                37.63422237,
                55.69823524
              ],
              [
                37.63431534,
                55.698215289
              ],
              [
                37.634316139,
                55.698216456
              ],
              [
                37.634321225,
                55.698215372
              ],
              [
                37.634312913,
                55.698202986
              ],
              [
                37.634309893,
                55.698203618
              ],
              [
                37.634300621,
                55.698189706
              ],
              [
                37.634303641,
                55.698189074
              ],
              [
                37.63429517,
                55.698176689
              ],
              [
                37.634292309,
                55.698177321
              ],
              [
                37.634282879,
                55.698163499
              ],
              [
                37.634285898,
                55.698162867
              ],
              [
                37.634277427,
                55.698150391
              ],
              [
                37.634274566,
                55.698151023
              ],
              [
                37.634265136,
                55.698137201
              ],
              [
                37.634268155,
                55.698136569
              ],
              [
                37.634259684,
                55.698124094
              ],
              [
                37.634256823,
                55.698124725
              ],
              [
                37.634247393,
                55.698110904
              ],
              [
                37.634250253,
                55.698110272
              ],
              [
                37.634229809,
                55.698084606
              ],
              [
                37.634232669,
                55.698083974
              ],
              [
                37.634224357,
                55.698071588
              ],
              [
                37.634201314,
                55.698076553
              ],
              [
                37.634138814,
                55.697983839
              ],
              [
                37.634161857,
                55.697978873
              ],
              [
                37.634153545,
                55.697966488
              ],
              [
                37.634150526,
                55.69796712
              ],
              [
                37.634141254,
                55.697953298
              ],
              [
                37.634144115,
                55.697952666
              ],
              [
                37.634135802,
                55.69794019
              ],
              [
                37.634132783,
                55.697940822
              ],
              [
                37.634123512,
                55.697927
              ],
              [
                37.634126372,
                55.697926368
              ],
              [
                37.63411806,
                55.697913982
              ],
              [
                37.63411504,
                55.697914614
              ],
              [
                37.634105769,
                55.697900702
              ],
              [
                37.634108788,
                55.69790007
              ],
              [
                37.634100317,
                55.697887685
              ],
              [
                37.634097457,
                55.697888316
              ],
              [
                37.634088026,
                55.697874495
              ],
              [
                37.634091046,
                55.697873863
              ],
              [
                37.634082575,
                55.697861387
              ],
              [
                37.634070497,
                55.697864005
              ],
              [
                37.634075292,
                55.697871275
              ],
              [
                37.634055268,
                55.697875518
              ],
              [
                37.634037685,
                55.69784949
              ],
              [
                37.634057709,
                55.697845157
              ],
              [
                37.634061066,
                55.697850183
              ],
              [
                37.634073303,
                55.697847565
              ],
              [
                37.634064991,
                55.697835089
              ],
              [
                37.634061972,
                55.697835811
              ],
              [
                37.634052541,
                55.697821899
              ],
              [
                37.634055561,
                55.697821267
              ],
              [
                37.634047248,
                55.697808882
              ],
              [
                37.634044229,
                55.697809514
              ],
              [
                37.634034958,
                55.697795692
              ],
              [
                37.634037818,
                55.69779497
              ],
              [
                37.634029506,
                55.697782584
              ],
              [
                37.634026486,
                55.697783216
              ],
              [
                37.634017215,
                55.697769394
              ],
              [
                37.634020076,
                55.697768762
              ],
              [
                37.634011763,
                55.697756286
              ],
              [
                37.634008744,
                55.697756918
              ],
              [
                37.633999472,
                55.697743096
              ],
              [
                37.634002492,
                55.697742464
              ],
              [
                37.633994021,
                55.697730079
              ],
              [
                37.63399116,
                55.69773071
              ],
              [
                37.63398173,
                55.697716799
              ],
              [
                37.633984749,
                55.697716167
              ],
              [
                37.633976278,
                55.697703781
              ],
              [
                37.633973418,
                55.697704413
              ],
              [
                37.633963988,
                55.697690591
              ],
              [
                37.633967007,
                55.697689959
              ],
              [
                37.633958536,
                55.697677394
              ],
              [
                37.633936605,
                55.697682178
              ],
              [
                37.633937723,
                55.697683793
              ],
              [
                37.633915475,
                55.697688578
              ],
              [
                37.633914356,
                55.697686962
              ],
              [
                37.633892266,
                55.697691657
              ],
              [
                37.633893385,
                55.697693362
              ],
              [
                37.633871136,
                55.697698147
              ],
              [
                37.633870017,
                55.697696441
              ],
              [
                37.633847927,
                55.697701226
              ],
              [
                37.633849205,
                55.697702841
              ],
              [
                37.633826797,
                55.697707626
              ],
              [
                37.633825678,
                55.69770601
              ],
              [
                37.633803747,
                55.697710704
              ],
              [
                37.633804866,
                55.69771241
              ],
              [
                37.633782617,
                55.697717194
              ],
              [
                37.633781339,
                55.697715489
              ],
              [
                37.633759408,
                55.697720273
              ],
              [
                37.633760527,
                55.697721889
              ],
              [
                37.633738278,
                55.697726673
              ],
              [
                37.633737159,
                55.697725058
              ],
              [
                37.63371491,
                55.697729842
              ],
              [
                37.633715869,
                55.697731368
              ],
              [
                37.633629099,
                55.697750054
              ],
              [
                37.633628459,
                55.697749067
              ],
              [
                37.633594775,
                55.697758445
              ],
              [
                37.633528021,
                55.697770822
              ],
              [
                37.633513569,
                55.697776856
              ],
              [
                37.633497839,
                55.697781184
              ],
              [
                37.633448253,
                55.697790938
              ],
              [
                37.633429967,
                55.697791856
              ],
              [
                37.633416632,
                55.697799235
              ],
              [
                37.633400584,
                55.697803564
              ],
              [
                37.633350838,
                55.697813228
              ],
              [
                37.633331595,
                55.697813159
              ],
              [
                37.633318579,
                55.697820718
              ],
              [
                37.633304435,
                55.697823787
              ],
              [
                37.633301878,
                55.697820018
              ],
              [
                37.633289811,
                55.697826048
              ],
              [
                37.63327359,
                55.697826066
              ],
              [
                37.633276147,
                55.697829836
              ],
              [
                37.633246747,
                55.697836244
              ],
              [
                37.63321973,
                55.697842022
              ],
              [
                37.633217173,
                55.697838252
              ],
              [
                37.633205106,
                55.697844283
              ],
              [
                37.633188884,
                55.697844301
              ],
              [
                37.633191442,
                55.69784807
              ],
              [
                37.633163313,
                55.697854208
              ],
              [
                37.633135184,
                55.697860257
              ],
              [
                37.633132467,
                55.697856487
              ],
              [
                37.633120401,
                55.697862518
              ],
              [
                37.633104179,
                55.697862535
              ],
              [
                37.633106736,
                55.697866305
              ],
              [
                37.633076383,
                55.697872984
              ],
              [
                37.63310947,
                55.697922169
              ],
              [
                37.633105496,
                55.697922982
              ],
              [
                37.633114911,
                55.697932133
              ],
              [
                37.633118124,
                55.69794174
              ],
              [
                37.633122256,
                55.697940838
              ],
              [
                37.633146233,
                55.697976829
              ],
              [
                37.63314226,
                55.697977642
              ],
              [
                37.633151353,
                55.697985985
              ],
              [
                37.633154408,
                55.697995592
              ],
              [
                37.633158699,
                55.69799469
              ],
              [
                37.633163183,
                55.698004026
              ],
              [
                37.633182676,
                55.698030681
              ],
              [
                37.633178703,
                55.698031583
              ],
              [
                37.633187637,
                55.698039927
              ],
              [
                37.633190692,
                55.698049534
              ],
              [
                37.633195302,
                55.69804899
              ],
              [
                37.63321896,
                55.698084533
              ],
              [
                37.633214987,
                55.698085435
              ],
              [
                37.63322408,
                55.698093779
              ],
              [
                37.633227614,
                55.698104194
              ],
              [
                37.633231428,
                55.698103292
              ],
              [
                37.633236551,
                55.698113346
              ],
              [
                37.633257641,
                55.698141885
              ],
              [
                37.633253828,
                55.698143057
              ],
              [
                37.633268029,
                55.698156694
              ],
              [
                37.63328136,
                55.698148506
              ],
              [
                37.633297105,
                55.698148579
              ],
              [
                37.633297905,
                55.698149836
              ],
              [
                37.633309971,
                55.698143715
              ],
              [
                37.633315856,
                55.698143709
              ],
              [
                37.633314896,
                55.698142183
              ],
              [
                37.633325552,
                55.698142171
              ],
              [
                37.633337301,
                55.69813632
              ],
              [
                37.63333826,
                55.698137667
              ],
              [
                37.633354322,
                55.698137649
              ],
              [
                37.633366067,
                55.698130361
              ],
              [
                37.633381811,
                55.698130344
              ],
              [
                37.633382611,
                55.698131601
              ],
              [
                37.633394677,
                55.69812548
              ],
              [
                37.63340072,
                55.698125474
              ],
              [
                37.633399602,
                55.698123948
              ],
              [
                37.633410258,
                55.698123936
              ],
              [
                37.633422007,
                55.698118086
              ],
              [
                37.633422965,
                55.698119432
              ],
              [
                37.633439028,
                55.698119414
              ],
              [
                37.63345109,
                55.698112126
              ],
              [
                37.633466517,
                55.698112109
              ],
              [
                37.633467317,
                55.698113366
              ],
              [
                37.633479383,
                55.698107335
              ],
              [
                37.633494646,
                55.698105971
              ],
              [
                37.633506712,
                55.698099851
              ],
              [
                37.633507671,
                55.698101197
              ],
              [
                37.63352612,
                55.698101177
              ],
              [
                37.633520501,
                55.698085734
              ],
              [
                37.633518117,
                55.698086276
              ],
              [
                37.633508384,
                55.698076945
              ],
              [
                37.633507394,
                55.698066258
              ],
              [
                37.633497821,
                55.698057196
              ],
              [
                37.633495118,
                55.698057559
              ],
              [
                37.633491584,
                55.698047143
              ],
              [
                37.633486478,
                55.698042299
              ],
              [
                37.633489021,
                55.698041757
              ],
              [
                37.633484714,
                55.69803772
              ],
              [
                37.633481659,
                55.698028113
              ],
              [
                37.633478957,
                55.698028655
              ],
              [
                37.633470182,
                55.698020311
              ],
              [
                37.633468094,
                55.698014116
              ],
              [
                37.633470636,
                55.698013484
              ],
              [
                37.633469511,
                55.698010072
              ],
              [
                37.633465842,
                55.698006663
              ],
              [
                37.633462663,
                55.698007385
              ],
              [
                37.633449397,
                55.697987819
              ],
              [
                37.633452099,
                55.697987277
              ],
              [
                37.633448429,
                55.697983778
              ],
              [
                37.633445375,
                55.697974171
              ],
              [
                37.633436281,
                55.697965828
              ],
              [
                37.633433066,
                55.697955502
              ],
              [
                37.633745983,
                55.697888159
              ],
              [
                37.63372872,
                55.697862579
              ],
              [
                37.633805164,
                55.697846868
              ],
              [
                37.633796692,
                55.697834392
              ],
              [
                37.633813061,
                55.697830872
              ],
              [
                37.633852063,
                55.697888762
              ],
              [
                37.633867955,
                55.697885332
              ],
              [
                37.633880902,
                55.697904449
              ],
              [
                37.633848641,
                55.697911311
              ],
              [
                37.633847842,
                55.697910144
              ],
              [
                37.633837829,
                55.69791222
              ],
              [
                37.633848379,
                55.697927837
              ],
              [
                37.633851239,
                55.697927206
              ],
              [
                37.633858432,
                55.697937886
              ],
              [
                37.633855572,
                55.697938518
              ],
              [
                37.633866121,
                55.697954135
              ],
              [
                37.633868982,
                55.697953503
              ],
              [
                37.633876175,
                55.697964094
              ],
              [
                37.633873314,
                55.697964816
              ],
              [
                37.633883705,
                55.697980343
              ],
              [
                37.633886724,
                55.697979711
              ],
              [
                37.633893917,
                55.697990392
              ],
              [
                37.633890898,
                55.697991024
              ],
              [
                37.633901447,
                55.698006641
              ],
              [
                37.633904467,
                55.698006009
              ],
              [
                37.63391166,
                55.698016689
              ],
              [
                37.63390864,
                55.698017321
              ],
              [
                37.63391919,
                55.698032938
              ],
              [
                37.63392221,
                55.698032306
              ],
              [
                37.633929403,
                55.698042987
              ],
              [
                37.633926383,
                55.698043619
              ],
              [
                37.633936933,
                55.698059236
              ],
              [
                37.633939952,
                55.698058604
              ],
              [
                37.633947145,
                55.698069195
              ],
              [
                37.633944125,
                55.698069827
              ],
              [
                37.633954675,
                55.698085444
              ],
              [
                37.633957536,
                55.698084812
              ],
              [
                37.633964729,
                55.698095492
              ],
              [
                37.633961868,
                55.698096124
              ],
              [
                37.633972418,
                55.698111741
              ],
              [
                37.633975278,
                55.698111109
              ],
              [
                37.633982471,
                55.69812179
              ],
              [
                37.633979452,
                55.698122422
              ],
              [
                37.633990002,
                55.698138039
              ],
              [
                37.633993021,
                55.698137407
              ],
              [
                37.634000214,
                55.698148088
              ],
              [
                37.633997195,
                55.69814872
              ],
              [
                37.634007744,
                55.698164337
              ],
              [
                37.634018233,
                55.69816208
              ],
              [
                37.634012479,
                55.698153553
              ],
              [
                37.634028371,
                55.698150123
              ],
              [
                37.634077603,
                55.698223092
              ],
              [
                37.634050423,
                55.698227523
              ],
              [
                37.634060973,
                55.69824314
              ],
              [
                37.634063833,
                55.698242508
              ],
              [
                37.634071026,
                55.698253098
              ],
              [
                37.634068165,
                55.69825373
              ],
              [
                37.634078556,
                55.698269347
              ],
              [
                37.634081576,
                55.698268715
              ],
              [
                37.634088769,
                55.698279396
              ],
              [
                37.634085749,
                55.698280028
              ],
              [
                37.634096299,
                55.698295645
              ],
              [
                37.634099319,
                55.698295013
              ],
              [
                37.634106512,
                55.698305694
              ],
              [
                37.634103492,
                55.698306326
              ],
              [
                37.634108926,
                55.698314224
              ],
              [
                37.634098914,
                55.69831639
              ],
              [
                37.63410275,
                55.698321955
              ],
              [
                37.634115305,
                55.698319247
              ],
              [
                37.634124097,
                55.698332351
              ],
              [
                37.634084684,
                55.698340836
              ],
              [
                37.634075733,
                55.698327733
              ],
              [
                37.634084474,
                55.698325837
              ],
              [
                37.634080797,
                55.698320272
              ],
              [
                37.634052985,
                55.69832623
              ],
              [
                37.634056822,
                55.698331885
              ],
              [
                37.634068423,
                55.698329357
              ],
              [
                37.634077374,
                55.698342551
              ],
              [
                37.633997753,
                55.698359703
              ],
              [
                37.633988802,
                55.698346419
              ],
              [
                37.633992934,
                55.698345607
              ],
              [
                37.633989257,
                55.698339952
              ],
              [
                37.633961445,
                55.69834591
              ],
              [
                37.633962565,
                55.698347616
              ],
              [
                37.633944606,
                55.698351497
              ],
              [
                37.633943487,
                55.698349792
              ],
              [
                37.633915676,
                55.69835575
              ],
              [
                37.633916795,
                55.698357455
              ],
              [
                37.633898836,
                55.698361337
              ],
              [
                37.633897717,
                55.698359632
              ],
              [
                37.633870065,
                55.69836559
              ],
              [
                37.633871184,
                55.698367295
              ],
              [
                37.633853066,
                55.698371177
              ],
              [
                37.633851947,
                55.698369472
              ],
              [
                37.633824295,
                55.69837543
              ],
              [
                37.633825414,
                55.698377135
              ],
              [
                37.633807296,
                55.698381017
              ],
              [
                37.633806018,
                55.698379312
              ],
              [
                37.633778525,
                55.698385269
              ],
              [
                37.633779644,
                55.698386975
              ],
              [
                37.633761526,
                55.698390857
              ],
              [
                37.633760248,
                55.698389151
              ],
              [
                37.633732596,
                55.698395109
              ],
              [
                37.633733874,
                55.698396815
              ],
              [
                37.633715597,
                55.698400697
              ],
              [
                37.633714478,
                55.698398991
              ],
              [
                37.633686825,
                55.698404949
              ],
              [
                37.633690662,
                55.698410604
              ],
              [
                37.63370131,
                55.698408347
              ],
              [
                37.633710102,
                55.69842154
              ],
              [
                37.633674185,
                55.698429304
              ],
              [
                37.633665234,
                55.69841602
              ],
              [
                37.633672544,
                55.698414485
              ],
              [
                37.633668708,
                55.698408831
              ],
              [
                37.633641055,
                55.698414789
              ],
              [
                37.633642174,
                55.698416494
              ],
              [
                37.633624057,
                55.698420376
              ],
              [
                37.633622938,
                55.698418671
              ],
              [
                37.633595285,
                55.698424629
              ],
              [
                37.633596404,
                55.698426334
              ],
              [
                37.633578287,
                55.698430216
              ],
              [
                37.633577168,
                55.69842851
              ],
              [
                37.633549515,
                55.698434468
              ],
              [
                37.633550634,
                55.698436174
              ],
              [
                37.633532517,
                55.698440056
              ],
              [
                37.633531398,
                55.69843835
              ],
              [
                37.633503745,
                55.698444308
              ],
              [
                37.633504864,
                55.698446013
              ],
              [
                37.633483886,
                55.698450527
              ],
              [
                37.633482767,
                55.698448822
              ],
              [
                37.633460836,
                55.698453606
              ],
              [
                37.633469148,
                55.698465992
              ],
              [
                37.633472167,
                55.69846536
              ],
              [
                37.633480639,
                55.698477925
              ],
              [
                37.633477619,
                55.698478557
              ],
              [
                37.633486091,
                55.698491033
              ],
              [
                37.633489111,
                55.698490401
              ],
              [
                37.633497423,
                55.698502787
              ],
              [
                37.633494403,
                55.698503419
              ],
              [
                37.633502875,
                55.698515984
              ],
              [
                37.633505894,
                55.698515352
              ],
              [
                37.633514366,
                55.698528008
              ],
              [
                37.633511347,
                55.69852864
              ],
              [
                37.633519818,
                55.698541025
              ],
              [
                37.633522837,
                55.698540393
              ],
              [
                37.633531309,
                55.698552959
              ],
              [
                37.63352829,
                55.698553591
              ],
              [
                37.633536602,
                55.698566067
              ],
              [
                37.633539622,
                55.698565435
              ],
              [
                37.633553545,
                55.698591018
              ],
              [
                37.633575477,
                55.698586324
              ],
              [
                37.633574357,
                55.698584618
              ]
            ]
          ],
          [
            [
              [
                37.634035027,
                55.698330112
              ],
              [
                37.634007215,
                55.69833607
              ],
              [
                37.634011052,
                55.698341725
              ],
              [
                37.634038704,
                55.698335677
              ],
              [
                37.634035027,
                55.698330112
              ]
            ]
          ],
          [
            [
              [
                37.634188872,
                55.698019083
              ],
              [
                37.634177429,
                55.69802152
              ],
              [
                37.634185901,
                55.698033906
              ],
              [
                37.634197343,
                55.698031469
              ],
              [
                37.634188872,
                55.698019083
              ]
            ]
          ],
          [
            [
              [
                37.63400757,
                55.698486965
              ],
              [
                37.634011247,
                55.69849262
              ],
              [
                37.634033338,
                55.698487925
              ],
              [
                37.634029501,
                55.698482271
              ],
              [
                37.63400757,
                55.698486965
              ]
            ]
          ],
          [
            [
              [
                37.63373279,
                55.698546094
              ],
              [
                37.633736626,
                55.698551659
              ],
              [
                37.633758717,
                55.698546964
              ],
              [
                37.63375488,
                55.69854131
              ],
              [
                37.63373279,
                55.698546094
              ]
            ]
          ]
        ]
      }
    },
    {
      "type": "Feature",
      "properties": {
        "id": 92,
        "object_type": "restriction",
        "restriction_type": "oks",
        "address": "улица Родченко, дом 2"
      },
      "geometry": {
        "type": "MultiPolygon",
        "coordinates": [
          [
            [
              [
                37.632290934,
                55.697789758
              ],
              [
                37.632289496,
                55.697787604
              ],
              [
                37.632302368,
                55.697784806
              ],
              [
                37.632313959,
                55.697779225
              ],
              [
                37.632342247,
                55.697773176
              ],
              [
                37.632358309,
                55.6977728
              ],
              [
                37.632374032,
                55.697766316
              ],
              [
                37.632401525,
                55.697760359
              ],
              [
                37.63242013,
                55.69775953
              ],
              [
                37.632432674,
                55.697753679
              ],
              [
                37.632459373,
                55.697747991
              ],
              [
                37.632478613,
                55.697746893
              ],
              [
                37.632491158,
                55.697741131
              ],
              [
                37.632517856,
                55.697735354
              ],
              [
                37.632534554,
                55.697734887
              ],
              [
                37.632547426,
                55.697732089
              ],
              [
                37.632538183,
                55.697726261
              ],
              [
                37.632528753,
                55.697712349
              ],
              [
                37.632529205,
                55.697704983
              ],
              [
                37.6325214,
                55.697701399
              ],
              [
                37.63251197,
                55.697687487
              ],
              [
                37.632512422,
                55.697680122
              ],
              [
                37.632504618,
                55.697676537
              ],
              [
                37.632495027,
                55.697662266
              ],
              [
                37.632495,
                55.697654183
              ],
              [
                37.632486396,
                55.697649521
              ],
              [
                37.632476167,
                55.697634443
              ],
              [
                37.63247598,
                55.697626
              ],
              [
                37.632467377,
                55.697621428
              ],
              [
                37.632438286,
                55.697578167
              ],
              [
                37.632438099,
                55.697569814
              ],
              [
                37.632429496,
                55.697565153
              ],
              [
                37.632419267,
                55.697550074
              ],
              [
                37.632419079,
                55.697541632
              ],
              [
                37.632410476,
                55.69753697
              ],
              [
                37.632400406,
                55.697521892
              ],
              [
                37.632401338,
                55.697515244
              ],
              [
                37.632391615,
                55.697508877
              ],
              [
                37.632381386,
                55.697493799
              ],
              [
                37.632381198,
                55.697485356
              ],
              [
                37.632372595,
                55.697480695
              ],
              [
                37.632343505,
                55.697437523
              ],
              [
                37.632344437,
                55.697430875
              ],
              [
                37.632334715,
                55.697424509
              ],
              [
                37.632324486,
                55.69740943
              ],
              [
                37.632324298,
                55.697400987
              ],
              [
                37.632315695,
                55.697396326
              ],
              [
                37.632305466,
                55.697381248
              ],
              [
                37.632305278,
                55.697372805
              ],
              [
                37.632296675,
                55.697368233
              ],
              [
                37.632286446,
                55.697353065
              ],
              [
                37.632286259,
                55.697344712
              ],
              [
                37.632277655,
                55.697340051
              ],
              [
                37.632267585,
                55.697324972
              ],
              [
                37.632267398,
                55.697316529
              ],
              [
                37.632258795,
                55.697311958
              ],
              [
                37.632229705,
                55.697268696
              ],
              [
                37.632230637,
                55.697262049
              ],
              [
                37.632220755,
                55.697255682
              ],
              [
                37.632210685,
                55.697240603
              ],
              [
                37.632211617,
                55.697233956
              ],
              [
                37.632201895,
                55.697227499
              ],
              [
                37.632191666,
                55.697212421
              ],
              [
                37.632191479,
                55.697204068
              ],
              [
                37.632182875,
                55.697199406
              ],
              [
                37.632172805,
                55.697184328
              ],
              [
                37.632172459,
                55.697175885
              ],
              [
                37.632163855,
                55.697171224
              ],
              [
                37.632134766,
                55.697128052
              ],
              [
                37.632134579,
                55.697119609
              ],
              [
                37.632125976,
                55.697115038
              ],
              [
                37.632115747,
                55.697099959
              ],
              [
                37.632116678,
                55.697093222
              ],
              [
                37.632106956,
                55.697086855
              ],
              [
                37.632097685,
                55.697072943
              ],
              [
                37.632098138,
                55.697065577
              ],
              [
                37.632090174,
                55.697061993
              ],
              [
                37.632080903,
                55.697048081
              ],
              [
                37.632081356,
                55.697040716
              ],
              [
                37.632073551,
                55.697037131
              ],
              [
                37.632064121,
                55.697023219
              ],
              [
                37.632064254,
                55.697015315
              ],
              [
                37.632051382,
                55.697018113
              ],
              [
                37.632039791,
                55.697023695
              ],
              [
                37.632011503,
                55.697029743
              ],
              [
                37.631995283,
                55.697030119
              ],
              [
                37.631979719,
                55.697036603
              ],
              [
                37.63195302,
                55.69704229
              ],
              [
                37.631933622,
                55.697043389
              ],
              [
                37.631921077,
                55.69704915
              ],
              [
                37.631894379,
                55.697054927
              ],
              [
                37.631878159,
                55.697055304
              ],
              [
                37.631862595,
                55.697061787
              ],
              [
                37.631835897,
                55.697067564
              ],
              [
                37.6318192,
                55.697068031
              ],
              [
                37.631806168,
                55.697070829
              ],
              [
                37.631808246,
                55.697073791
              ],
              [
                37.631774078,
                55.697081103
              ],
              [
                37.631772639,
                55.697078949
              ],
              [
                37.631756588,
                55.697082469
              ],
              [
                37.631758027,
                55.697084533
              ],
              [
                37.631726878,
                55.697091213
              ],
              [
                37.63172544,
                55.697089149
              ],
              [
                37.63170923,
                55.697092579
              ],
              [
                37.631710668,
                55.697094733
              ],
              [
                37.63167952,
                55.697101413
              ],
              [
                37.631678082,
                55.697099349
              ],
              [
                37.631662031,
                55.697102779
              ],
              [
                37.631663469,
                55.697104933
              ],
              [
                37.631632321,
                55.697111613
              ],
              [
                37.631630882,
                55.697109459
              ],
              [
                37.63138678,
                55.697161903
              ],
              [
                37.631400046,
                55.697181649
              ],
              [
                37.631361905,
                55.697189863
              ],
              [
                37.631348639,
                55.697170117
              ],
              [
                37.63111439,
                55.697220485
              ],
              [
                37.631248164,
                55.697419112
              ],
              [
                37.631482573,
                55.697368654
              ],
              [
                37.631476659,
                55.697359858
              ],
              [
                37.631514801,
                55.697351644
              ],
              [
                37.631520714,
                55.69736044
              ],
              [
                37.631754964,
                55.697310071
              ],
              [
                37.631713569,
                55.697248679
              ],
              [
                37.631903956,
                55.697207788
              ],
              [
                37.631915463,
                55.697224752
              ],
              [
                37.63191565,
                55.697233105
              ],
              [
                37.631924254,
                55.697237766
              ],
              [
                37.631934323,
                55.697252845
              ],
              [
                37.631933392,
                55.697259492
              ],
              [
                37.631943273,
                55.697265949
              ],
              [
                37.631953343,
                55.697280938
              ],
              [
                37.631952411,
                55.697287675
              ],
              [
                37.631962134,
                55.697294042
              ],
              [
                37.631972362,
                55.69730912
              ],
              [
                37.63197255,
                55.697317563
              ],
              [
                37.631981153,
                55.697322135
              ],
              [
                37.631991382,
                55.697337213
              ],
              [
                37.631991569,
                55.697345656
              ],
              [
                37.632000173,
                55.697350317
              ],
              [
                37.632010242,
                55.697365396
              ],
              [
                37.63200931,
                55.697372044
              ],
              [
                37.632019033,
                55.69737841
              ],
              [
                37.632029262,
                55.697393489
              ],
              [
                37.632029449,
                55.697401932
              ],
              [
                37.632038053,
                55.697406593
              ],
              [
                37.632067142,
                55.697449765
              ],
              [
                37.63206621,
                55.697456412
              ],
              [
                37.632075933,
                55.697462869
              ],
              [
                37.632086162,
                55.697477947
              ],
              [
                37.632086349,
                55.69748639
              ],
              [
                37.632094952,
                55.697490962
              ],
              [
                37.632105181,
                55.69750604
              ],
              [
                37.632105369,
                55.697514483
              ],
              [
                37.632113972,
                55.697519144
              ],
              [
                37.632124042,
                55.697534223
              ],
              [
                37.63212311,
                55.697540871
              ],
              [
                37.632132833,
                55.697547237
              ],
              [
                37.632143062,
                55.697562316
              ],
              [
                37.632143249,
                55.697570759
              ],
              [
                37.632151853,
                55.69757542
              ],
              [
                37.632162081,
                55.697590409
              ],
              [
                37.632162269,
                55.697598852
              ],
              [
                37.632170872,
                55.697603513
              ],
              [
                37.632180942,
                55.697618592
              ],
              [
                37.63218001,
                55.697625239
              ],
              [
                37.632189733,
                55.697631606
              ],
              [
                37.63220108,
                55.6976483
              ],
              [
                37.631195893,
                55.697864398
              ],
              [
                37.631212674,
                55.69788926
              ],
              [
                37.63110842,
                55.697911735
              ],
              [
                37.631186257,
                55.698027339
              ],
              [
                37.632290934,
                55.697789758
              ]
            ]
          ],
          [
            [
              [
                37.631525026,
                55.698604063
              ],
              [
                37.631768782,
                55.698968377
              ],
              [
                37.631786741,
                55.698964585
              ],
              [
                37.631786101,
                55.698963598
              ],
              [
                37.631887183,
                55.698942922
              ],
              [
                37.631886543,
                55.698941934
              ],
              [
                37.631960127,
                55.698926137
              ],
              [
                37.631960766,
                55.698927125
              ],
              [
                37.631987625,
                55.698921348
              ],
              [
                37.631986985,
                55.69892036
              ],
              [
                37.632405126,
                55.698831441
              ],
              [
                37.632425081,
                55.698806361
              ],
              [
                37.632422843,
                55.69880304
              ],
              [
                37.632498174,
                55.698786881
              ],
              [
                37.632500412,
                55.698790112
              ],
              [
                37.632544981,
                55.698801382
              ],
              [
                37.632760799,
                55.698753905
              ],
              [
                37.632761439,
                55.698754893
              ],
              [
                37.632788297,
                55.698749115
              ],
              [
                37.632787817,
                55.698748218
              ],
              [
                37.632913528,
                55.698721227
              ],
              [
                37.632912409,
                55.698719701
              ],
              [
                37.633172411,
                55.698663733
              ],
              [
                37.632689216,
                55.697947052
              ],
              [
                37.632430013,
                55.698002838
              ],
              [
                37.632429213,
                55.698001492
              ],
              [
                37.632248358,
                55.698040397
              ],
              [
                37.6322474,
                55.698039141
              ],
              [
                37.631280821,
                55.698246935
              ],
              [
                37.6313756,
                55.69838749
              ],
              [
                37.63258756,
                55.698126799
              ],
              [
                37.632588359,
                55.698127965
              ],
              [
                37.632591061,
                55.698127334
              ],
              [
                37.632619831,
                55.698169877
              ],
              [
                37.632565797,
                55.698181521
              ],
              [
                37.632804275,
                55.69853515
              ],
              [
                37.63285831,
                55.698523506
              ],
              [
                37.632882606,
                55.698559676
              ],
              [
                37.632834769,
                55.698569967
              ],
              [
                37.63283397,
                55.698568711
              ],
              [
                37.631907908,
                55.698767843
              ],
              [
                37.631908707,
                55.69876901
              ],
              [
                37.631878352,
                55.698775509
              ],
              [
                37.631875646,
                55.698774704
              ],
              [
                37.63186158,
                55.698753791
              ],
              [
                37.631904808,
                55.698744583
              ],
              [
                37.631886917,
                55.69872116
              ],
              [
                37.631888665,
                55.698720799
              ],
              [
                37.631848716,
                55.698664345
              ],
              [
                37.631850464,
                55.698663984
              ],
              [
                37.631840235,
                55.698648816
              ],
              [
                37.631838487,
                55.698649177
              ],
              [
                37.631829536,
                55.698635983
              ],
              [
                37.631831285,
                55.698635622
              ],
              [
                37.631822494,
                55.698622608
              ],
              [
                37.631820746,
                55.698622969
              ],
              [
                37.631808918,
                55.698605467
              ],
              [
                37.631810666,
                55.698605106
              ],
              [
                37.631772156,
                55.698550896
              ],
              [
                37.631773904,
                55.698550535
              ],
              [
                37.631766872,
                55.698540124
              ],
              [
                37.631516404,
                55.698594013
              ],
              [
                37.631523278,
                55.698604424
              ],
              [
                37.631525026,
                55.698604063
              ]
            ]
          ],
          [
            [
              [
                37.630934962,
                55.698070808
              ],
              [
                37.63098995,
                55.697245946
              ],
              [
                37.630669087,
                55.697314907
              ],
              [
                37.630614251,
                55.698139859
              ],
              [
                37.630934962,
                55.698070808
              ]
            ]
          ],
          [
            [
              [
                37.630588827,
                55.698530327
              ],
              [
                37.63058501,
                55.698530242
              ],
              [
                37.630584712,
                55.698536439
              ],
              [
                37.630897885,
                55.698543114
              ],
              [
                37.630898337,
                55.698535569
              ],
              [
                37.630894679,
                55.698535572
              ],
              [
                37.630896188,
                55.698510871
              ],
              [
                37.630900005,
                55.698510957
              ],
              [
                37.630902431,
                55.698475476
              ],
              [
                37.630898614,
                55.69847539
              ],
              [
                37.630900282,
                55.698450688
              ],
              [
                37.63090394,
                55.698450774
              ],
              [
                37.630912272,
                55.698325917
              ],
              [
                37.630773848,
                55.698355704
              ],
              [
                37.630775126,
                55.698357679
              ],
              [
                37.63073317,
                55.698366705
              ],
              [
                37.630731891,
                55.69836473
              ],
              [
                37.630722515,
                55.698366806
              ],
              [
                37.630723793,
                55.698368781
              ],
              [
                37.630681837,
                55.698377807
              ],
              [
                37.630680558,
                55.698375743
              ],
              [
                37.630594102,
                55.698394337
              ],
              [
                37.630586678,
                55.69850563
              ],
              [
                37.630590495,
                55.698505715
              ],
              [
                37.630588827,
                55.698530327
              ]
            ]
          ],
          [
            [
              [
                37.630576859,
                55.698709977
              ],
              [
                37.630573041,
                55.698709892
              ],
              [
                37.630570775,
                55.698745911
              ],
              [
                37.630574433,
                55.698745997
              ],
              [
                37.630572765,
                55.698770609
              ],
              [
                37.630569107,
                55.698770523
              ],
              [
                37.630568649,
                55.698776182
              ],
              [
                37.630572466,
                55.698776268
              ],
              [
                37.630570799,
                55.69880097
              ],
              [
                37.630566981,
                55.698800884
              ],
              [
                37.630562588,
                55.698866816
              ],
              [
                37.630566405,
                55.698866901
              ],
              [
                37.630564737,
                55.698891424
              ],
              [
                37.630561078,
                55.698891338
              ],
              [
                37.63056062,
                55.698896997
              ],
              [
                37.630564437,
                55.698897082
              ],
              [
                37.630562769,
                55.698921605
              ],
              [
                37.630558952,
                55.698921519
              ],
              [
                37.630555622,
                55.69897236
              ],
              [
                37.630559439,
                55.698972446
              ],
              [
                37.630557771,
                55.698996968
              ],
              [
                37.630553953,
                55.698996882
              ],
              [
                37.630552591,
                55.699017632
              ],
              [
                37.630556408,
                55.699017717
              ],
              [
                37.63055474,
                55.69904215
              ],
              [
                37.630550922,
                55.699042064
              ],
              [
                37.63054653,
                55.699108534
              ],
              [
                37.630550507,
                55.69910862
              ],
              [
                37.630548841,
                55.699133951
              ],
              [
                37.630544865,
                55.699133865
              ],
              [
                37.63054138,
                55.699186143
              ],
              [
                37.630545356,
                55.699186229
              ],
              [
                37.630543691,
                55.699211559
              ],
              [
                37.630539715,
                55.699211474
              ],
              [
                37.630538196,
                55.699233301
              ],
              [
                37.630805198,
                55.699175894
              ],
              [
                37.63080376,
                55.69917392
              ],
              [
                37.630845877,
                55.699164893
              ],
              [
                37.630847156,
                55.699166868
              ],
              [
                37.630857168,
                55.699164701
              ],
              [
                37.63086096,
                55.699109279
              ],
              [
                37.630857143,
                55.699109194
              ],
              [
                37.630858809,
                55.699084043
              ],
              [
                37.630862626,
                55.699084128
              ],
              [
                37.630864894,
                55.699048558
              ],
              [
                37.630861235,
                55.699048472
              ],
              [
                37.630862902,
                55.69902368
              ],
              [
                37.630866561,
                55.699023766
              ],
              [
                37.630867924,
                55.699003286
              ],
              [
                37.630864266,
                55.6990032
              ],
              [
                37.630865774,
                55.698978498
              ],
              [
                37.630869591,
                55.698978584
              ],
              [
                37.630872018,
                55.698943014
              ],
              [
                37.630868201,
                55.698942928
              ],
              [
                37.630869868,
                55.698918226
              ],
              [
                37.630873685,
                55.698918312
              ],
              [
                37.630875048,
                55.698897742
              ],
              [
                37.630871231,
                55.698897656
              ],
              [
                37.630872898,
                55.698872954
              ],
              [
                37.630876716,
                55.69887304
              ],
              [
                37.630883077,
                55.698777197
              ],
              [
                37.63087926,
                55.698777111
              ],
              [
                37.630880927,
                55.698752409
              ],
              [
                37.630884744,
                55.698752405
              ],
              [
                37.630890042,
                55.698671652
              ],
              [
                37.630886225,
                55.698671567
              ],
              [
                37.630887892,
                55.698646865
              ],
              [
                37.630891709,
                55.698646951
              ],
              [
                37.63089413,
                55.698609494
              ],
              [
                37.630575164,
                55.698678543
              ],
              [
                37.630574709,
                55.69868519
              ],
              [
                37.630578526,
                55.698685275
              ],
              [
                37.630576859,
                55.698709977
              ]
            ]
          ]
        ]
      }
    },
    {
      "type": "Feature",
      "properties": {
        "id": 93,
        "object_type": "restriction",
        "restriction_type": "oks",
        "address": "Автозаводская улица, дом 25, строение 5"
      },
      "geometry": {
        "type": "MultiPolygon",
        "coordinates": [
          [
            [
              [
                37.629736889,
                55.704547218
              ],
              [
                37.629995421,
                55.704543938
              ],
              [
                37.629995254,
                55.704507462
              ],
              [
                37.630054482,
                55.704506989
              ],
              [
                37.630053642,
                55.704485889
              ],
              [
                37.630083644,
                55.704485472
              ],
              [
                37.630082925,
                55.704460503
              ],
              [
                37.630052641,
                55.704460723
              ],
              [
                37.630027939,
                55.703839745
              ],
              [
                37.630098113,
                55.703838557
              ],
              [
                37.630097892,
                55.703771264
              ],
              [
                37.630075242,
                55.703771288
              ],
              [
                37.630081494,
                55.703702849
              ],
              [
                37.630133905,
                55.703665152
              ],
              [
                37.630119207,
                55.703499792
              ],
              [
                37.630096995,
                55.703499816
              ],
              [
                37.630081955,
                55.703230664
              ],
              [
                37.629678039,
                55.703237935
              ],
              [
                37.629736889,
                55.704547218
              ]
            ]
          ]
        ]
      }
    },
    {
      "type": "Feature",
      "properties": {
        "id": 94,
        "object_type": "restriction",
        "restriction_type": "oks",
        "address": "Автозаводская улица, дом 25, строение 15"
      },
      "geometry": {
        "type": "MultiPolygon",
        "coordinates": [
          [
            [
              [
                37.632327947,
                55.701994787
              ],
              [
                37.630561938,
                55.702024681
              ],
              [
                37.63057138,
                55.702191717
              ],
              [
                37.632337426,
                55.702161095
              ],
              [
                37.632327947,
                55.701994787
              ]
            ]
          ]
        ]
      }
    },
    {
      "type": "Feature",
      "properties": {
        "id": 95,
        "object_type": "restriction",
        "restriction_type": "oks",
        "address": "Автозаводская улица, дом 23, строение 177"
      },
      "geometry": {
        "type": "MultiPolygon",
        "coordinates": [
          [
            [
              [
                37.638717359,
                55.702903531
              ],
              [
                37.63881371,
                55.702892914
              ],
              [
                37.638807587,
                55.702870466
              ],
              [
                37.638986144,
                55.702852032
              ],
              [
                37.638991773,
                55.70286954
              ],
              [
                37.639037883,
                55.702864818
              ],
              [
                37.639032254,
                55.70284731
              ],
              [
                37.639123202,
                55.702837956
              ],
              [
                37.639128831,
                55.702855464
              ],
              [
                37.639229955,
                55.702845021
              ],
              [
                37.639228507,
                55.702840262
              ],
              [
                37.639272072,
                55.702835722
              ],
              [
                37.639268051,
                55.702823062
              ],
              [
                37.639510208,
                55.702798089
              ],
              [
                37.639518557,
                55.702820265
              ],
              [
                37.639600918,
                55.702811549
              ],
              [
                37.639591572,
                55.702777428
              ],
              [
                37.6396221,
                55.70277425
              ],
              [
                37.639602159,
                55.702712837
              ],
              [
                37.639704713,
                55.702702302
              ],
              [
                37.639703748,
                55.702699159
              ],
              [
                37.639814888,
                55.702687717
              ],
              [
                37.639810707,
                55.702674877
              ],
              [
                37.63986206,
                55.702668532
              ],
              [
                37.639852554,
                55.702634322
              ],
              [
                37.639877517,
                55.702631689
              ],
              [
                37.639853715,
                55.702557975
              ],
              [
                37.639828593,
                55.702560518
              ],
              [
                37.63976621,
                55.702372059
              ],
              [
                37.639663177,
                55.702382056
              ],
              [
                37.639658031,
                55.702366254
              ],
              [
                37.639609378,
                55.702371339
              ],
              [
                37.639614523,
                55.702387051
              ],
              [
                37.639348202,
                55.702414477
              ],
              [
                37.639343056,
                55.702398765
              ],
              [
                37.639207749,
                55.70241275
              ],
              [
                37.639212896,
                55.702428821
              ],
              [
                37.639150411,
                55.702435718
              ],
              [
                37.639170037,
                55.702498389
              ],
              [
                37.63917338,
                55.702499104
              ],
              [
                37.639208677,
                55.702495382
              ],
              [
                37.639225241,
                55.70254647
              ],
              [
                37.639189943,
                55.702550102
              ],
              [
                37.639220659,
                55.702645006
              ],
              [
                37.639099183,
                55.702657538
              ],
              [
                37.639094841,
                55.702644159
              ],
              [
                37.638934412,
                55.702660777
              ],
              [
                37.638942773,
                55.702686366
              ],
              [
                37.638930848,
                55.702687547
              ],
              [
                37.638926828,
                55.702675336
              ],
              [
                37.638859571,
                55.702682238
              ],
              [
                37.638863591,
                55.702694539
              ],
              [
                37.638641153,
                55.702718051
              ],
              [
                37.638659342,
                55.702779287
              ],
              [
                37.638635492,
                55.702781829
              ],
              [
                37.638669584,
                55.702887327
              ],
              [
                37.63869725,
                55.702884512
              ],
              [
                37.6387032,
                55.702902738
              ],
              [
                37.638716715,
                55.702901376
              ],
              [
                37.638717359,
                55.702903531
              ]
            ]
          ]
        ]
      }
    },
    {
      "type": "Feature",
      "properties": {
        "id": 96,
        "object_type": "restriction",
        "restriction_type": "oks",
        "address": "бульвар Братьев Весниных, дом 1"
      },
      "geometry": {
        "type": "MultiPolygon",
        "coordinates": [
          [
            [
              [
                37.639790711,
                55.698342322
              ],
              [
                37.639793254,
                55.69834187
              ],
              [
                37.63981196,
                55.698369513
              ],
              [
                37.639809417,
                55.698370055
              ],
              [
                37.639814533,
                55.698377594
              ],
              [
                37.639817076,
                55.698377052
              ],
              [
                37.639835623,
                55.698404785
              ],
              [
                37.639833239,
                55.698405327
              ],
              [
                37.639838356,
                55.698412866
              ],
              [
                37.639840739,
                55.698412324
              ],
              [
                37.639859445,
                55.698440057
              ],
              [
                37.639857062,
                55.698440598
              ],
              [
                37.639862178,
                55.698448137
              ],
              [
                37.639864561,
                55.698447596
              ],
              [
                37.639883267,
                55.698475239
              ],
              [
                37.639880725,
                55.69847578
              ],
              [
                37.639885841,
                55.698483319
              ],
              [
                37.639888384,
                55.698482867
              ],
              [
                37.639906931,
                55.69851051
              ],
              [
                37.639904547,
                55.698511052
              ],
              [
                37.639909663,
                55.698518591
              ],
              [
                37.639912047,
                55.698518139
              ],
              [
                37.639930753,
                55.698545782
              ],
              [
                37.639928369,
                55.698546324
              ],
              [
                37.639933485,
                55.698553863
              ],
              [
                37.639935869,
                55.698553321
              ],
              [
                37.639954575,
                55.698581054
              ],
              [
                37.639952033,
                55.698581596
              ],
              [
                37.639957149,
                55.698589135
              ],
              [
                37.639959691,
                55.698588593
              ],
              [
                37.639982395,
                55.698622429
              ],
              [
                37.640022125,
                55.698613941
              ],
              [
                37.640022925,
                55.698615197
              ],
              [
                37.640036274,
                55.698612308
              ],
              [
                37.640035475,
                55.698611051
              ],
              [
                37.640084581,
                55.698600487
              ],
              [
                37.64008538,
                55.698601743
              ],
              [
                37.640098729,
                55.698598854
              ],
              [
                37.64009793,
                55.698597598
              ],
              [
                37.640146877,
                55.698587033
              ],
              [
                37.640147835,
                55.69858829
              ],
              [
                37.640161184,
                55.6985854
              ],
              [
                37.640160226,
                55.698584144
              ],
              [
                37.640194552,
                55.69857674
              ],
              [
                37.640206306,
                55.698572505
              ],
              [
                37.640213761,
                55.698566838
              ],
              [
                37.640217223,
                55.698556595
              ],
              [
                37.640214496,
                55.698549951
              ],
              [
                37.640204596,
                55.698538915
              ],
              [
                37.640206661,
                55.698538284
              ],
              [
                37.640200115,
                55.698531106
              ],
              [
                37.64019805,
                55.698531737
              ],
              [
                37.64017378,
                55.698504819
              ],
              [
                37.640175845,
                55.698504277
              ],
              [
                37.64016866,
                55.698496202
              ],
              [
                37.640166595,
                55.698496833
              ],
              [
                37.640138174,
                55.698465429
              ],
              [
                37.640172024,
                55.698458205
              ],
              [
                37.640174263,
                55.698461705
              ],
              [
                37.640179189,
                55.698460622
              ],
              [
                37.640202342,
                55.698486643
              ],
              [
                37.640197417,
                55.698488086
              ],
              [
                37.640205241,
                55.698496789
              ],
              [
                37.640220176,
                55.698492461
              ],
              [
                37.640218579,
                55.698490756
              ],
              [
                37.640367803,
                55.698458611
              ],
              [
                37.640368764,
                55.698460496
              ],
              [
                37.640384978,
                55.698458142
              ],
              [
                37.64038065,
                55.698448716
              ],
              [
                37.640375246,
                55.698449531
              ],
              [
                37.640361786,
                55.698421343
              ],
              [
                37.640366712,
                55.69842026
              ],
              [
                37.640364315,
                55.698416849
              ],
              [
                37.640395939,
                55.698409987
              ],
              [
                37.640415653,
                55.698452718
              ],
              [
                37.640418038,
                55.698452356
              ],
              [
                37.640431501,
                55.698481532
              ],
              [
                37.640429116,
                55.698481804
              ],
              [
                37.640432803,
                55.698489704
              ],
              [
                37.640435028,
                55.698489342
              ],
              [
                37.640440637,
                55.698501282
              ],
              [
                37.640446542,
                55.698507203
              ],
              [
                37.640454987,
                55.698511595
              ],
              [
                37.640466925,
                55.698514455
              ],
              [
                37.640480604,
                55.698514889
              ],
              [
                37.640521289,
                55.698506489
              ],
              [
                37.640522248,
                55.698507746
              ],
              [
                37.640535756,
                55.698504856
              ],
              [
                37.640534797,
                55.6985036
              ],
              [
                37.640583903,
                55.698493035
              ],
              [
                37.640584702,
                55.698494292
              ],
              [
                37.640598051,
                55.698491402
              ],
              [
                37.640597252,
                55.698490146
              ],
              [
                37.640646357,
                55.698479581
              ],
              [
                37.640647157,
                55.698480838
              ],
              [
                37.640660506,
                55.698478038
              ],
              [
                37.640660501,
                55.698476511
              ],
              [
                37.640711673,
                55.698465585
              ],
              [
                37.640712473,
                55.698466841
              ],
              [
                37.640722961,
                55.698464584
              ],
              [
                37.640722161,
                55.698463327
              ],
              [
                37.640724386,
                55.698462786
              ],
              [
                37.640771108,
                55.698452763
              ],
              [
                37.640772067,
                55.698454019
              ],
              [
                37.640785416,
                55.69845113
              ],
              [
                37.640784457,
                55.698449873
              ],
              [
                37.640813221,
                55.698443733
              ],
              [
                37.640814021,
                55.698444989
              ],
              [
                37.64082737,
                55.6984421
              ],
              [
                37.640822414,
                55.69843483
              ],
              [
                37.64082003,
                55.698435372
              ],
              [
                37.640774622,
                55.69836806
              ],
              [
                37.640777165,
                55.698367518
              ],
              [
                37.640772049,
                55.698359979
              ],
              [
                37.640769824,
                55.69836052
              ],
              [
                37.640737527,
                55.698312594
              ],
              [
                37.640739752,
                55.698312143
              ],
              [
                37.640725375,
                55.698294554
              ],
              [
                37.6407276,
                55.698294103
              ],
              [
                37.640724562,
                55.698289526
              ],
              [
                37.640722337,
                55.698289977
              ],
              [
                37.640708108,
                55.698268976
              ],
              [
                37.640710332,
                55.698268524
              ],
              [
                37.640705216,
                55.698260985
              ],
              [
                37.640702991,
                55.698261437
              ],
              [
                37.640678688,
                55.698225358
              ],
              [
                37.640680913,
                55.698224906
              ],
              [
                37.640675797,
                55.698217277
              ],
              [
                37.640673572,
                55.698217819
              ],
              [
                37.640640795,
                55.698169084
              ],
              [
                37.64064302,
                55.698168633
              ],
              [
                37.640637904,
                55.698161094
              ],
              [
                37.640630911,
                55.698162539
              ],
              [
                37.640631551,
                55.698163616
              ],
              [
                37.640561465,
                55.698177528
              ],
              [
                37.640562424,
                55.698178964
              ],
              [
                37.640522695,
                55.698187542
              ],
              [
                37.640521577,
                55.698186106
              ],
              [
                37.640508228,
                55.698188996
              ],
              [
                37.640509187,
                55.698190432
              ],
              [
                37.640469458,
                55.69819901
              ],
              [
                37.640468498,
                55.698197484
              ],
              [
                37.640433537,
                55.698205068
              ],
              [
                37.640434496,
                55.698206504
              ],
              [
                37.64040748,
                55.698212373
              ],
              [
                37.640406521,
                55.698210847
              ],
              [
                37.640394602,
                55.698213466
              ],
              [
                37.640395402,
                55.698214632
              ],
              [
                37.640368386,
                55.698220411
              ],
              [
                37.640367586,
                55.698219245
              ],
              [
                37.640359322,
                55.698220961
              ],
              [
                37.640341095,
                55.698193856
              ],
              [
                37.6403492,
                55.698192051
              ],
              [
                37.6403484,
                55.698190794
              ],
              [
                37.640375416,
                55.698184925
              ],
              [
                37.640376215,
                55.698186182
              ],
              [
                37.640388134,
                55.698183563
              ],
              [
                37.640387335,
                55.698182397
              ],
              [
                37.640450112,
                55.6981702
              ],
              [
                37.640449152,
                55.698168764
              ],
              [
                37.640488881,
                55.698160186
              ],
              [
                37.640489841,
                55.698161712
              ],
              [
                37.64050319,
                55.698158822
              ],
              [
                37.64050223,
                55.698157296
              ],
              [
                37.64054196,
                55.698148808
              ],
              [
                37.640543078,
                55.698150244
              ],
              [
                37.640611885,
                55.698134268
              ],
              [
                37.640612524,
                55.698135255
              ],
              [
                37.640619517,
                55.69813381
              ],
              [
                37.640614401,
                55.698126271
              ],
              [
                37.640612176,
                55.698126723
              ],
              [
                37.640582437,
                55.698082656
              ],
              [
                37.640584662,
                55.698082204
              ],
              [
                37.640579546,
                55.698074665
              ],
              [
                37.640577321,
                55.698075117
              ],
              [
                37.640545025,
                55.69802728
              ],
              [
                37.64054725,
                55.698026829
              ],
              [
                37.640542133,
                55.6980192
              ],
              [
                37.640539909,
                55.698019741
              ],
              [
                37.640515606,
                55.697983572
              ],
              [
                37.640517831,
                55.69798312
              ],
              [
                37.640512715,
                55.697975581
              ],
              [
                37.64051049,
                55.697976033
              ],
              [
                37.640486187,
                55.697939954
              ],
              [
                37.640488412,
                55.697939502
              ],
              [
                37.640483296,
                55.697931963
              ],
              [
                37.640481071,
                55.697932415
              ],
              [
                37.640448295,
                55.69788377
              ],
              [
                37.640450519,
                55.697883229
              ],
              [
                37.640445403,
                55.69787569
              ],
              [
                37.640438411,
                55.697877225
              ],
              [
                37.640439051,
                55.697878212
              ],
              [
                37.640368965,
                55.697892124
              ],
              [
                37.640369764,
                55.697893291
              ],
              [
                37.640330035,
                55.697901869
              ],
              [
                37.640329236,
                55.697900702
              ],
              [
                37.640315728,
                55.697903591
              ],
              [
                37.640316527,
                55.697904758
              ],
              [
                37.640276798,
                55.697913336
              ],
              [
                37.640275999,
                55.697912169
              ],
              [
                37.64023913,
                55.697920115
              ],
              [
                37.64023993,
                55.697921282
              ],
              [
                37.640202103,
                55.697928061
              ],
              [
                37.640202902,
                55.697929228
              ],
              [
                37.640175886,
                55.697935007
              ],
              [
                37.640175087,
                55.69793384
              ],
              [
                37.640166824,
                55.697935646
              ],
              [
                37.640148596,
                55.697908452
              ],
              [
                37.640156701,
                55.697906736
              ],
              [
                37.640155582,
                55.697905031
              ],
              [
                37.640182598,
                55.697899252
              ],
              [
                37.640183716,
                55.697900777
              ],
              [
                37.640195635,
                55.697898249
              ],
              [
                37.640194836,
                55.697896992
              ],
              [
                37.640257612,
                55.697884885
              ],
              [
                37.640256653,
                55.697883359
              ],
              [
                37.640296382,
                55.697874782
              ],
              [
                37.640297341,
                55.697876307
              ],
              [
                37.640310849,
                55.697873418
              ],
              [
                37.64030973,
                55.697871892
              ],
              [
                37.64034946,
                55.697863404
              ],
              [
                37.640350578,
                55.69786484
              ],
              [
                37.64038554,
                55.697857345
              ],
              [
                37.6403849,
                55.697856358
              ],
              [
                37.640427017,
                55.697848406
              ],
              [
                37.6404219,
                55.697840867
              ],
              [
                37.640419676,
                55.697841319
              ],
              [
                37.640389937,
                55.697797252
              ],
              [
                37.640392162,
                55.6977968
              ],
              [
                37.640387046,
                55.697789261
              ],
              [
                37.640384821,
                55.697789713
              ],
              [
                37.640353325,
                55.697743043
              ],
              [
                37.64035555,
                55.697742591
              ],
              [
                37.640350593,
                55.697735052
              ],
              [
                37.640348209,
                55.697735504
              ],
              [
                37.640302323,
                55.697667473
              ],
              [
                37.640304865,
                55.697666932
              ],
              [
                37.640299749,
                55.697659303
              ],
              [
                37.640292916,
                55.697660838
              ],
              [
                37.640294035,
                55.697662453
              ],
              [
                37.640258756,
                55.697670038
              ],
              [
                37.640257637,
                55.697668422
              ],
              [
                37.640244287,
                55.697671222
              ],
              [
                37.640245407,
                55.697672927
              ],
              [
                37.640196302,
                55.697683492
              ],
              [
                37.640195183,
                55.697681787
              ],
              [
                37.640181834,
                55.697684676
              ],
              [
                37.640182953,
                55.697686381
              ],
              [
                37.640134007,
                55.697696946
              ],
              [
                37.640132888,
                55.69769524
              ],
              [
                37.64011938,
                55.69769813
              ],
              [
                37.640120659,
                55.697699835
              ],
              [
                37.640071553,
                55.69771031
              ],
              [
                37.640070434,
                55.697708694
              ],
              [
                37.640057086,
                55.697711583
              ],
              [
                37.640058205,
                55.697713199
              ],
              [
                37.6400091,
                55.697723763
              ],
              [
                37.640007981,
                55.697722148
              ],
              [
                37.639994632,
                55.697724947
              ],
              [
                37.639995431,
                55.697726204
              ],
              [
                37.639961105,
                55.697733608
              ],
              [
                37.639948876,
                55.697738292
              ],
              [
                37.63993826,
                55.697749442
              ],
              [
                37.639941002,
                55.697760217
              ],
              [
                37.639955543,
                55.697779332
              ],
              [
                37.639957608,
                55.697778701
              ],
              [
                37.639981877,
                55.697805619
              ],
              [
                37.639979812,
                55.69780616
              ],
              [
                37.639986358,
                55.697813338
              ],
              [
                37.639988264,
                55.697812707
              ],
              [
                37.640012374,
                55.697839446
              ],
              [
                37.640010308,
                55.697840077
              ],
              [
                37.640015099,
                55.697845461
              ],
              [
                37.639983633,
                55.697852233
              ],
              [
                37.639981235,
                55.697848733
              ],
              [
                37.63997615,
                55.697849726
              ],
              [
                37.639953156,
                55.697823705
              ],
              [
                37.639958081,
                55.697822262
              ],
              [
                37.639950257,
                55.697813559
              ],
              [
                37.639935323,
                55.697817887
              ],
              [
                37.63993692,
                55.697819682
              ],
              [
                37.639787698,
                55.697851826
              ],
              [
                37.639786736,
                55.697849851
              ],
              [
                37.639770523,
                55.697852205
              ],
              [
                37.639774851,
                55.697861721
              ],
              [
                37.639780573,
                55.697860816
              ],
              [
                37.639794032,
                55.697889004
              ],
              [
                37.639788788,
                55.697890088
              ],
              [
                37.639791186,
                55.697893678
              ],
              [
                37.639757654,
                55.697900811
              ],
              [
                37.639741948,
                55.697866967
              ],
              [
                37.639743856,
                55.697866606
              ],
              [
                37.639739848,
                55.697857808
              ],
              [
                37.639737782,
                55.69785808
              ],
              [
                37.639724319,
                55.697828904
              ],
              [
                37.639726385,
                55.697828543
              ],
              [
                37.6397227,
                55.697820733
              ],
              [
                37.639720634,
                55.697821094
              ],
              [
                37.639714864,
                55.697808706
              ],
              [
                37.639708002,
                55.697802067
              ],
              [
                37.639697331,
                55.697797498
              ],
              [
                37.639686032,
                55.697795445
              ],
              [
                37.639675217,
                55.697795547
              ],
              [
                37.639634056,
                55.697803947
              ],
              [
                37.639633257,
                55.697802691
              ],
              [
                37.639619908,
                55.69780558
              ],
              [
                37.639620708,
                55.697806836
              ],
              [
                37.639571602,
                55.697817401
              ],
              [
                37.639570803,
                55.697816144
              ],
              [
                37.639557454,
                55.697819033
              ],
              [
                37.639558254,
                55.69782029
              ],
              [
                37.639509307,
                55.697830764
              ],
              [
                37.639508348,
                55.697829508
              ],
              [
                37.639495,
                55.697832397
              ],
              [
                37.639495799,
                55.697833654
              ],
              [
                37.639456229,
                55.697842231
              ],
              [
                37.639479091,
                55.697875977
              ],
              [
                37.639476548,
                55.697876519
              ],
              [
                37.639481664,
                55.697884058
              ],
              [
                37.639484207,
                55.697883516
              ],
              [
                37.639502913,
                55.697911249
              ],
              [
                37.63950037,
                55.697911791
              ],
              [
                37.639505486,
                55.69791933
              ],
              [
                37.639508029,
                55.697918788
              ],
              [
                37.639526734,
                55.697946521
              ],
              [
                37.639524192,
                55.697947062
              ],
              [
                37.639529308,
                55.697954601
              ],
              [
                37.63953185,
                55.69795406
              ],
              [
                37.639550397,
                55.697981793
              ],
              [
                37.639547854,
                55.697982334
              ],
              [
                37.63955297,
                55.697989873
              ],
              [
                37.639555513,
                55.697989332
              ],
              [
                37.639574218,
                55.698016975
              ],
              [
                37.639571676,
                55.698017516
              ],
              [
                37.639576792,
                55.698025055
              ],
              [
                37.639579334,
                55.698024514
              ],
              [
                37.63959804,
                55.698052246
              ],
              [
                37.639595497,
                55.698052788
              ],
              [
                37.639600613,
                55.698060327
              ],
              [
                37.639603156,
                55.698059785
              ],
              [
                37.639621862,
                55.698087428
              ],
              [
                37.63961916,
                55.69808806
              ],
              [
                37.639624276,
                55.698095599
              ],
              [
                37.639626978,
                55.698095057
              ],
              [
                37.639645683,
                55.6981227
              ],
              [
                37.639642982,
                55.698123242
              ],
              [
                37.639648098,
                55.698130871
              ],
              [
                37.639650799,
                55.698130239
              ],
              [
                37.639669505,
                55.698157972
              ],
              [
                37.639666804,
                55.698158514
              ],
              [
                37.63967192,
                55.698166053
              ],
              [
                37.639674621,
                55.698165511
              ],
              [
                37.639693327,
                55.698193244
              ],
              [
                37.639690625,
                55.698193786
              ],
              [
                37.639695582,
                55.698201325
              ],
              [
                37.639698125,
                55.698200783
              ],
              [
                37.639740653,
                55.698263787
              ],
              [
                37.63973811,
                55.698264329
              ],
              [
                37.639743226,
                55.698271868
              ],
              [
                37.63974561,
                55.698271327
              ],
              [
                37.639764316,
                55.698299059
              ],
              [
                37.639761932,
                55.698299511
              ],
              [
                37.639767048,
                55.69830714
              ],
              [
                37.639769432,
                55.698306598
              ],
              [
                37.639788138,
                55.698334241
              ],
              [
                37.639785595,
                55.698334783
              ],
              [
                37.639790711,
                55.698342322
              ]
            ]
          ],
          [
            [
              [
                37.64037817,
                55.699225111
              ],
              [
                37.640364063,
                55.6992386
              ],
              [
                37.640509286,
                55.699287745
              ],
              [
                37.640523234,
                55.699274436
              ],
              [
                37.640564954,
                55.69928858
              ],
              [
                37.640578903,
                55.699275361
              ],
              [
                37.640620622,
                55.699289415
              ],
              [
                37.640670712,
                55.699242293
              ],
              [
                37.640740298,
                55.699265836
              ],
              [
                37.64079435,
                55.699214937
              ],
              [
                37.64086521,
                55.699238927
              ],
              [
                37.640919262,
                55.699188118
              ],
              [
                37.640990122,
                55.699212109
              ],
              [
                37.641044173,
                55.699161299
              ],
              [
                37.641115033,
                55.69918529
              ],
              [
                37.641168925,
                55.699134391
              ],
              [
                37.641239945,
                55.699158381
              ],
              [
                37.641316979,
                55.699085809
              ],
              [
                37.641231628,
                55.699056895
              ],
              [
                37.64127284,
                55.699018047
              ],
              [
                37.641187649,
                55.698989223
              ],
              [
                37.64122791,
                55.698951363
              ],
              [
                37.641142878,
                55.698922539
              ],
              [
                37.64118298,
                55.698884589
              ],
              [
                37.641098904,
                55.698856213
              ],
              [
                37.641134409,
                55.69882276
              ],
              [
                37.641086002,
                55.698806468
              ],
              [
                37.641099793,
                55.698793518
              ],
              [
                37.641052022,
                55.698777316
              ],
              [
                37.64106597,
                55.698764097
              ],
              [
                37.640918679,
                55.698714236
              ],
              [
                37.64090473,
                55.698727455
              ],
              [
                37.640856642,
                55.698711163
              ],
              [
                37.640842852,
                55.698724292
              ],
              [
                37.640794923,
                55.69870809
              ],
              [
                37.640773524,
                55.698728144
              ],
              [
                37.640696136,
                55.698701915
              ],
              [
                37.640642878,
                55.698752274
              ],
              [
                37.640579981,
                55.698730969
              ],
              [
                37.640526564,
                55.698781328
              ],
              [
                37.640457297,
                55.698757875
              ],
              [
                37.640404039,
                55.698808144
              ],
              [
                37.640332702,
                55.698784064
              ],
              [
                37.640279443,
                55.698834333
              ],
              [
                37.640209221,
                55.698810521
              ],
              [
                37.640112213,
                55.698901976
              ],
              [
                37.640203613,
                55.69893286
              ],
              [
                37.640160657,
                55.698973417
              ],
              [
                37.640251421,
                55.699004122
              ],
              [
                37.640208305,
                55.699044589
              ],
              [
                37.640299706,
                55.699075473
              ],
              [
                37.64025675,
                55.699116119
              ],
              [
                37.640347832,
                55.699146914
              ],
              [
                37.640308521,
                55.699183874
              ],
              [
                37.640350081,
                55.699197928
              ],
              [
                37.640336132,
                55.699210968
              ],
              [
                37.64037817,
                55.699225111
              ]
            ]
          ],
          [
            [
              [
                37.641004582,
                55.698586865
              ],
              [
                37.640957894,
                55.698517668
              ],
              [
                37.640644826,
                55.69858503
              ],
              [
                37.640691513,
                55.698654227
              ],
              [
                37.641004582,
                55.698586865
              ]
            ]
          ],
          [
            [
              [
                37.640861123,
                55.698452301
              ],
              [
                37.640863202,
                55.698455442
              ],
              [
                37.640853031,
                55.698457609
              ],
              [
                37.640857348,
                55.698463981
              ],
              [
                37.640860685,
                55.698463259
              ],
              [
                37.640862923,
                55.6984664
              ],
              [
                37.640876272,
                55.698463511
              ],
              [
                37.640872755,
                55.698458485
              ],
              [
                37.64087943,
                55.69845704
              ],
              [
                37.640876871,
                55.698453271
              ],
              [
                37.640883705,
                55.698451826
              ],
              [
                37.640878589,
                55.698444287
              ],
              [
                37.640875252,
                55.698445009
              ],
              [
                37.640873972,
                55.698443125
              ],
              [
                37.64086396,
                55.698445202
              ],
              [
                37.640867639,
                55.698450946
              ],
              [
                37.640861123,
                55.698452301
              ]
            ]
          ],
          [
            [
              [
                37.639976913,
                55.698646057
              ],
              [
                37.639966901,
                55.698648314
              ],
              [
                37.639964823,
                55.698645173
              ],
              [
                37.639958148,
                55.698646617
              ],
              [
                37.639954311,
                55.698640963
              ],
              [
                37.639944299,
                55.69864304
              ],
              [
                37.639945578,
                55.698644925
              ],
              [
                37.639942241,
                55.698645647
              ],
              [
                37.639947357,
                55.698653276
              ],
              [
                37.639954032,
                55.698651832
              ],
              [
                37.63995659,
                55.698655601
              ],
              [
                37.639963264,
                55.698654156
              ],
              [
                37.639966622,
                55.698659182
              ],
              [
                37.639979971,
                55.698656293
              ],
              [
                37.639977893,
                55.698653152
              ],
              [
                37.63998123,
                55.698652429
              ],
              [
                37.639976913,
                55.698646057
              ]
            ]
          ],
          [
            [
              [
                37.639414203,
                55.697830782
              ],
              [
                37.639425486,
                55.697828434
              ],
              [
                37.639421649,
                55.69782269
              ],
              [
                37.639418312,
                55.697823412
              ],
              [
                37.639417033,
                55.697821527
              ],
              [
                37.639403684,
                55.697824417
              ],
              [
                37.639406242,
                55.697828186
              ],
              [
                37.639399567,
                55.697829631
              ],
              [
                37.639402125,
                55.6978334
              ],
              [
                37.639395292,
                55.697834845
              ],
              [
                37.639400408,
                55.697842384
              ],
              [
                37.639403745,
                55.697841662
              ],
              [
                37.639405024,
                55.697843636
              ],
              [
                37.639415036,
                55.697841469
              ],
              [
                37.639410878,
                55.697835097
              ],
              [
                37.639416281,
                55.697833923
              ],
              [
                37.639414203,
                55.697830782
              ]
            ]
          ],
          [
            [
              [
                37.640301588,
                55.6976399
              ],
              [
                37.640312871,
                55.697637462
              ],
              [
                37.64031495,
                55.697640603
              ],
              [
                37.640320353,
                55.69763943
              ],
              [
                37.640324669,
                55.697645802
              ],
              [
                37.640334681,
                55.697643635
              ],
              [
                37.640333402,
                55.69764175
              ],
              [
                37.640336739,
                55.697641028
              ],
              [
                37.640331623,
                55.697633489
              ],
              [
                37.640324949,
                55.697634844
              ],
              [
                37.64032239,
                55.697631074
              ],
              [
                37.640315716,
                55.697632519
              ],
              [
                37.640313158,
                55.697628749
              ],
              [
                37.640299809,
                55.697631639
              ],
              [
                37.640301088,
                55.697633523
              ],
              [
                37.640297751,
                55.697634246
              ],
              [
                37.640301588,
                55.6976399
              ]
            ]
          ],
          [
            [
              [
                37.640383359,
                55.698494611
              ],
              [
                37.640384961,
                55.698498112
              ],
              [
                37.640401016,
                55.698495758
              ],
              [
                37.640395086,
                55.698482831
              ],
              [
                37.640379031,
                55.698485185
              ],
              [
                37.640380634,
                55.698488776
              ],
              [
                37.640375707,
                55.698489769
              ],
              [
                37.640379544,
                55.698495423
              ],
              [
                37.640383359,
                55.698494611
              ]
            ]
          ],
          [
            [
              [
                37.640234787,
                55.698531425
              ],
              [
                37.640249403,
                55.698527098
              ],
              [
                37.640246688,
                55.698523957
              ],
              [
                37.640250503,
                55.698523144
              ],
              [
                37.640246665,
                55.69851749
              ],
              [
                37.640241739,
                55.698518574
              ],
              [
                37.640238705,
                55.698515254
              ],
              [
                37.64022393,
                55.698519582
              ],
              [
                37.640234787,
                55.698531425
              ]
            ]
          ],
          [
            [
              [
                37.639769438,
                55.69781547
              ],
              [
                37.639753543,
                55.697817824
              ],
              [
                37.639759314,
                55.697830751
              ],
              [
                37.639775369,
                55.697828397
              ],
              [
                37.639773765,
                55.697824807
              ],
              [
                37.639778692,
                55.697823723
              ],
              [
                37.639774855,
                55.697818069
              ],
              [
                37.639771041,
                55.697818971
              ],
              [
                37.639769438,
                55.69781547
              ]
            ]
          ],
          [
            [
              [
                37.63990755,
                55.697789536
              ],
              [
                37.639903736,
                55.697790349
              ],
              [
                37.639907573,
                55.697796003
              ],
              [
                37.639912499,
                55.697795009
              ],
              [
                37.639915533,
                55.697798329
              ],
              [
                37.639930149,
                55.697794001
              ],
              [
                37.639919292,
                55.697782157
              ],
              [
                37.639904676,
                55.697786396
              ],
              [
                37.63990755,
                55.697789536
              ]
            ]
          ],
          [
            [
              [
                37.640423158,
                55.698550163
              ],
              [
                37.640422356,
                55.698548278
              ],
              [
                37.640409003,
                55.698550179
              ],
              [
                37.640410285,
                55.698552962
              ],
              [
                37.6404052,
                55.698554046
              ],
              [
                37.640409516,
                55.698560328
              ],
              [
                37.640412854,
                55.698559606
              ],
              [
                37.640415092,
                55.698562837
              ],
              [
                37.640428441,
                55.698559947
              ],
              [
                37.640426203,
                55.698556806
              ],
              [
                37.640429699,
                55.698556084
              ],
              [
                37.640425383,
                55.698549711
              ],
              [
                37.640423158,
                55.698550163
              ]
            ]
          ],
          [
            [
              [
                37.6402806,
                55.698578618
              ],
              [
                37.640284447,
                55.698587236
              ],
              [
                37.640287785,
                55.698586514
              ],
              [
                37.640289863,
                55.698589655
              ],
              [
                37.640303213,
                55.698586766
              ],
              [
                37.640301134,
                55.698583624
              ],
              [
                37.640304471,
                55.698582902
              ],
              [
                37.640300154,
                55.69857653
              ],
              [
                37.640295228,
                55.698577613
              ],
              [
                37.640292833,
                55.698575101
              ],
              [
                37.6402806,
                55.698578618
              ]
            ]
          ],
          [
            [
              [
                37.639744884,
                55.697753164
              ],
              [
                37.639741547,
                55.697753886
              ],
              [
                37.639740268,
                55.697752002
              ],
              [
                37.639726919,
                55.697754891
              ],
              [
                37.639728198,
                55.697756776
              ],
              [
                37.639724861,
                55.697757498
              ],
              [
                37.639732045,
                55.697765304
              ],
              [
                37.639745398,
                55.697763313
              ],
              [
                37.639743795,
                55.697759902
              ],
              [
                37.639748721,
                55.697758818
              ],
              [
                37.639744884,
                55.697753164
              ]
            ]
          ],
          [
            [
              [
                37.639869633,
                55.697726347
              ],
              [
                37.639866296,
                55.697727069
              ],
              [
                37.639865017,
                55.697725184
              ],
              [
                37.639851668,
                55.697728073
              ],
              [
                37.639852947,
                55.697729958
              ],
              [
                37.63984961,
                55.697730681
              ],
              [
                37.639853447,
                55.697736335
              ],
              [
                37.639858373,
                55.697735251
              ],
              [
                37.639861247,
                55.697738392
              ],
              [
                37.639873481,
                55.697734875
              ],
              [
                37.639869633,
                55.697726347
              ]
            ]
          ],
          [
            [
              [
                37.64065502,
                55.698500319
              ],
              [
                37.640663481,
                55.698509381
              ],
              [
                37.640679214,
                55.69850595
              ],
              [
                37.640677135,
                55.698502809
              ],
              [
                37.64067936,
                55.698502357
              ],
              [
                37.640675043,
                55.698495985
              ],
              [
                37.64065502,
                55.698500319
              ]
            ]
          ],
          [
            [
              [
                37.640725936,
                55.698495927
              ],
              [
                37.640741669,
                55.698492496
              ],
              [
                37.640737498,
                55.698482531
              ],
              [
                37.640717315,
                55.698486865
              ],
              [
                37.640725936,
                55.698495927
              ]
            ]
          ],
          [
            [
              [
                37.640601026,
                55.698522746
              ],
              [
                37.640616918,
                55.698519404
              ],
              [
                37.640612588,
                55.698509439
              ],
              [
                37.640592565,
                55.698513773
              ],
              [
                37.640601026,
                55.698522746
              ]
            ]
          ],
          [
            [
              [
                37.640475309,
                55.698546242
              ],
              [
                37.640477388,
                55.698549383
              ],
              [
                37.640490737,
                55.698546493
              ],
              [
                37.640488658,
                55.698543352
              ],
              [
                37.640491995,
                55.69854263
              ],
              [
                37.640487838,
                55.698536257
              ],
              [
                37.640467655,
                55.698540592
              ],
              [
                37.640471972,
                55.698546964
              ],
              [
                37.640475309,
                55.698546242
              ]
            ]
          ],
          [
            [
              [
                37.640238679,
                55.698596989
              ],
              [
                37.640242016,
                55.698596356
              ],
              [
                37.640237858,
                55.698589984
              ],
              [
                37.640217676,
                55.698594318
              ],
              [
                37.640221992,
                55.6986006
              ],
              [
                37.640225329,
                55.698599878
              ],
              [
                37.640227408,
                55.698603109
              ],
              [
                37.640240917,
                55.69860022
              ],
              [
                37.640238679,
                55.698596989
              ]
            ]
          ],
          [
            [
              [
                37.640113927,
                55.698623896
              ],
              [
                37.640117265,
                55.698623174
              ],
              [
                37.640112948,
                55.698616802
              ],
              [
                37.640092924,
                55.698621136
              ],
              [
                37.640097241,
                55.698627508
              ],
              [
                37.640100578,
                55.698626786
              ],
              [
                37.640102657,
                55.698629927
              ],
              [
                37.640116006,
                55.698627037
              ],
              [
                37.640113927,
                55.698623896
              ]
            ]
          ],
          [
            [
              [
                37.640050493,
                55.698630255
              ],
              [
                37.640030469,
                55.698634589
              ],
              [
                37.640034785,
                55.698640872
              ],
              [
                37.640038123,
                55.698640239
              ],
              [
                37.640040202,
                55.698643381
              ],
              [
                37.640053551,
                55.698640491
              ],
              [
                37.640051472,
                55.69863735
              ],
              [
                37.64005481,
                55.698636628
              ],
              [
                37.640050493,
                55.698630255
              ]
            ]
          ],
          [
            [
              [
                37.640789344,
                55.698482202
              ],
              [
                37.640802693,
                55.698479313
              ],
              [
                37.640800455,
                55.698476172
              ],
              [
                37.640803951,
                55.698475449
              ],
              [
                37.640799635,
                55.698469167
              ],
              [
                37.640779611,
                55.698473411
              ],
              [
                37.640783769,
                55.698479784
              ],
              [
                37.640787106,
                55.698479061
              ],
              [
                37.640789344,
                55.698482202
              ]
            ]
          ],
          [
            [
              [
                37.640176223,
                55.698610443
              ],
              [
                37.64017972,
                55.69860972
              ],
              [
                37.640175403,
                55.698603438
              ],
              [
                37.640155379,
                55.698607682
              ],
              [
                37.640159537,
                55.698614054
              ],
              [
                37.640162874,
                55.698613332
              ],
              [
                37.640165112,
                55.698616473
              ],
              [
                37.640178461,
                55.698613584
              ],
              [
                37.640176223,
                55.698610443
              ]
            ]
          ],
          [
            [
              [
                37.640537764,
                55.698532787
              ],
              [
                37.640539843,
                55.698535929
              ],
              [
                37.640553192,
                55.698533039
              ],
              [
                37.640551113,
                55.698529898
              ],
              [
                37.64055445,
                55.698529176
              ],
              [
                37.640550134,
                55.698522893
              ],
              [
                37.64053011,
                55.698527138
              ],
              [
                37.640534427,
                55.69853351
              ],
              [
                37.640537764,
                55.698532787
              ]
            ]
          ],
          [
            [
              [
                37.639540836,
                55.697797047
              ],
              [
                37.639537499,
                55.697797769
              ],
              [
                37.639541336,
                55.697803423
              ],
              [
                37.639561519,
                55.697799179
              ],
              [
                37.639557681,
                55.697793435
              ],
              [
                37.639554344,
                55.697794157
              ],
              [
                37.639553065,
                55.697792272
              ],
              [
                37.639539557,
                55.697795162
              ],
              [
                37.639540836,
                55.697797047
              ]
            ]
          ],
          [
            [
              [
                37.639434282,
                55.697887075
              ],
              [
                37.639431103,
                55.697887708
              ],
              [
                37.63943606,
                55.697895337
              ],
              [
                37.639439398,
                55.697894614
              ],
              [
                37.639440677,
                55.697896499
              ],
              [
                37.639450847,
                55.697894332
              ],
              [
                37.639443173,
                55.697882934
              ],
              [
                37.639433162,
                55.697885101
              ],
              [
                37.639434282,
                55.697887075
              ]
            ]
          ],
          [
            [
              [
                37.640619753,
                55.698066266
              ],
              [
                37.640609741,
                55.698068343
              ],
              [
                37.640617256,
                55.698079742
              ],
              [
                37.640627427,
                55.698077575
              ],
              [
                37.640626148,
                55.69807569
              ],
              [
                37.640629485,
                55.698074967
              ],
              [
                37.640624369,
                55.698067339
              ],
              [
                37.640621032,
                55.698068061
              ],
              [
                37.640619753,
                55.698066266
              ]
            ]
          ],
          [
            [
              [
                37.63955323,
                55.698063255
              ],
              [
                37.639549893,
                55.698063977
              ],
              [
                37.639555009,
                55.698071606
              ],
              [
                37.639558347,
                55.698070884
              ],
              [
                37.639559626,
                55.698072768
              ],
              [
                37.639569637,
                55.698070602
              ],
              [
                37.639561963,
                55.698059203
              ],
              [
                37.639551951,
                55.69806137
              ],
              [
                37.63955323,
                55.698063255
              ]
            ]
          ],
          [
            [
              [
                37.640102603,
                55.697676233
              ],
              [
                37.640099266,
                55.697676955
              ],
              [
                37.640103103,
                55.69768261
              ],
              [
                37.640123285,
                55.697678275
              ],
              [
                37.640119448,
                55.697672621
              ],
              [
                37.640116111,
                55.697673344
              ],
              [
                37.640114832,
                55.697671459
              ],
              [
                37.640101324,
                55.697674348
              ],
              [
                37.640102603,
                55.697676233
              ]
            ]
          ],
          [
            [
              [
                37.640696658,
                55.698180338
              ],
              [
                37.640686646,
                55.698182505
              ],
              [
                37.640694321,
                55.698193903
              ],
              [
                37.640704333,
                55.698191736
              ],
              [
                37.640703053,
                55.698189762
              ],
              [
                37.640706391,
                55.698189129
              ],
              [
                37.640701274,
                55.6981815
              ],
              [
                37.640697937,
                55.698182223
              ],
              [
                37.640696658,
                55.698180338
              ]
            ]
          ],
          [
            [
              [
                37.640659564,
                55.698125142
              ],
              [
                37.640658285,
                55.698123347
              ],
              [
                37.640648273,
                55.698125424
              ],
              [
                37.640655789,
                55.698136823
              ],
              [
                37.6406658,
                55.698134655
              ],
              [
                37.640664521,
                55.698132771
              ],
              [
                37.640668018,
                55.698132048
              ],
              [
                37.640662901,
                55.698124419
              ],
              [
                37.640659564,
                55.698125142
              ]
            ]
          ],
          [
            [
              [
                37.639692506,
                55.698275518
              ],
              [
                37.639697622,
                55.698283057
              ],
              [
                37.639700959,
                55.698282335
              ],
              [
                37.639702238,
                55.69828422
              ],
              [
                37.63971225,
                55.698282143
              ],
              [
                37.639704735,
                55.698270744
              ],
              [
                37.639694564,
                55.698272911
              ],
              [
                37.639695843,
                55.698274796
              ],
              [
                37.639692506,
                55.698275518
              ]
            ]
          ],
          [
            [
              [
                37.639529409,
                55.698028073
              ],
              [
                37.639526072,
                55.698028795
              ],
              [
                37.639531188,
                55.698036334
              ],
              [
                37.639534525,
                55.698035612
              ],
              [
                37.639535804,
                55.698037497
              ],
              [
                37.639545816,
                55.69803533
              ],
              [
                37.639538301,
                55.698024021
              ],
              [
                37.63952813,
                55.698026188
              ],
              [
                37.639529409,
                55.698028073
              ]
            ]
          ],
          [
            [
              [
                37.639977855,
                55.697703051
              ],
              [
                37.639974518,
                55.697703773
              ],
              [
                37.639978355,
                55.697709427
              ],
              [
                37.639998378,
                55.697705183
              ],
              [
                37.639994541,
                55.697699439
              ],
              [
                37.639991204,
                55.697700161
              ],
              [
                37.639989925,
                55.697698277
              ],
              [
                37.639976576,
                55.697701166
              ],
              [
                37.639977855,
                55.697703051
              ]
            ]
          ],
          [
            [
              [
                37.640812256,
                55.69835158
              ],
              [
                37.640802244,
                55.698353747
              ],
              [
                37.640809759,
                55.698365056
              ],
              [
                37.64081993,
                55.698362888
              ],
              [
                37.640818651,
                55.698361004
              ],
              [
                37.640821988,
                55.698360281
              ],
              [
                37.640816872,
                55.698352742
              ],
              [
                37.640813535,
                55.698353465
              ],
              [
                37.640812256,
                55.69835158
              ]
            ]
          ],
          [
            [
              [
                37.639763972,
                55.698381244
              ],
              [
                37.639768929,
                55.698388873
              ],
              [
                37.639772266,
                55.69838815
              ],
              [
                37.639773545,
                55.698390035
              ],
              [
                37.639783716,
                55.698387868
              ],
              [
                37.639776042,
                55.69837656
              ],
              [
                37.63976603,
                55.698378727
              ],
              [
                37.639767309,
                55.698380521
              ],
              [
                37.639763972,
                55.698381244
              ]
            ]
          ],
          [
            [
              [
                37.640504316,
                55.697895024
              ],
              [
                37.640494145,
                55.697897191
              ],
              [
                37.64050182,
                55.697908499
              ],
              [
                37.640511831,
                55.697906332
              ],
              [
                37.640510552,
                55.697904448
              ],
              [
                37.640513889,
                55.697903725
              ],
              [
                37.640508932,
                55.697896186
              ],
              [
                37.640505595,
                55.697896908
              ],
              [
                37.640504316,
                55.697895024
              ]
            ]
          ],
          [
            [
              [
                37.639458103,
                55.697922257
              ],
              [
                37.639454766,
                55.69792298
              ],
              [
                37.639459882,
                55.697930519
              ],
              [
                37.639463219,
                55.697929796
              ],
              [
                37.639464498,
                55.697931771
              ],
              [
                37.63947451,
                55.697929604
              ],
              [
                37.639466836,
                55.697918206
              ],
              [
                37.639456824,
                55.697920373
              ],
              [
                37.639458103,
                55.697922257
              ]
            ]
          ],
          [
            [
              [
                37.640040309,
                55.697689687
              ],
              [
                37.640036972,
                55.697690409
              ],
              [
                37.640040809,
                55.697696063
              ],
              [
                37.640060832,
                55.697691729
              ],
              [
                37.640056995,
                55.697686075
              ],
              [
                37.640053658,
                55.697686797
              ],
              [
                37.640052379,
                55.697684913
              ],
              [
                37.640039029,
                55.697687712
              ],
              [
                37.640040309,
                55.697689687
              ]
            ]
          ],
          [
            [
              [
                37.639505746,
                55.697992801
              ],
              [
                37.639502409,
                55.697993523
              ],
              [
                37.639507366,
                55.698001062
              ],
              [
                37.639510862,
                55.69800034
              ],
              [
                37.639511982,
                55.698002225
              ],
              [
                37.639522153,
                55.698000058
              ],
              [
                37.639514479,
                55.697988749
              ],
              [
                37.639504467,
                55.697990916
              ],
              [
                37.639505746,
                55.697992801
              ]
            ]
          ],
          [
            [
              [
                37.640467063,
                55.697839828
              ],
              [
                37.640465784,
                55.697837943
              ],
              [
                37.640455773,
                55.69784011
              ],
              [
                37.640463288,
                55.697851419
              ],
              [
                37.640473299,
                55.697849252
              ],
              [
                37.640472179,
                55.697847367
              ],
              [
                37.640475517,
                55.697846644
              ],
              [
                37.640470401,
                55.697839105
              ],
              [
                37.640467063,
                55.697839828
              ]
            ]
          ],
          [
            [
              [
                37.639858942,
                55.698522331
              ],
              [
                37.639864058,
                55.69852987
              ],
              [
                37.639867396,
                55.698529148
              ],
              [
                37.639868675,
                55.698531032
              ],
              [
                37.639878687,
                55.698528865
              ],
              [
                37.639871172,
                55.698517557
              ],
              [
                37.63986116,
                55.698519724
              ],
              [
                37.63986228,
                55.698521609
              ],
              [
                37.639858942,
                55.698522331
              ]
            ]
          ],
          [
            [
              [
                37.639886102,
                55.698556791
              ],
              [
                37.639882764,
                55.698557513
              ],
              [
                37.639887881,
                55.698565142
              ],
              [
                37.639891218,
                55.698564419
              ],
              [
                37.639892497,
                55.698566304
              ],
              [
                37.639902509,
                55.698564137
              ],
              [
                37.639894835,
                55.698552829
              ],
              [
                37.639884823,
                55.698554906
              ],
              [
                37.639886102,
                55.698556791
              ]
            ]
          ],
          [
            [
              [
                37.640773723,
                55.698294499
              ],
              [
                37.640763711,
                55.698296666
              ],
              [
                37.640771386,
                55.698307975
              ],
              [
                37.640781398,
                55.698305898
              ],
              [
                37.640780118,
                55.698303923
              ],
              [
                37.640783455,
                55.698303201
              ],
              [
                37.640778339,
                55.698295662
              ],
              [
                37.640775002,
                55.698296384
              ],
              [
                37.640773723,
                55.698294499
              ]
            ]
          ],
          [
            [
              [
                37.640165057,
                55.697662779
              ],
              [
                37.64016172,
                55.697663502
              ],
              [
                37.640165557,
                55.697669156
              ],
              [
                37.64018558,
                55.697664822
              ],
              [
                37.640181902,
                55.697659167
              ],
              [
                37.640178406,
                55.69765989
              ],
              [
                37.640177127,
                55.697658005
              ],
              [
                37.640163778,
                55.697660894
              ],
              [
                37.640165057,
                55.697662779
              ]
            ]
          ],
          [
            [
              [
                37.64073519,
                55.698237419
              ],
              [
                37.640725179,
                55.698239586
              ],
              [
                37.640732853,
                55.698250894
              ],
              [
                37.640742865,
                55.698248817
              ],
              [
                37.640741586,
                55.698246842
              ],
              [
                37.640744923,
                55.69824612
              ],
              [
                37.640739807,
                55.698238581
              ],
              [
                37.64073647,
                55.698239303
              ],
              [
                37.64073519,
                55.698237419
              ]
            ]
          ],
          [
            [
              [
                37.639787635,
                55.698416516
              ],
              [
                37.639792751,
                55.698424055
              ],
              [
                37.639796088,
                55.698423422
              ],
              [
                37.639797367,
                55.698425217
              ],
              [
                37.639807379,
                55.69842314
              ],
              [
                37.639799705,
                55.698411742
              ],
              [
                37.639789693,
                55.698413909
              ],
              [
                37.639790972,
                55.698415793
              ],
              [
                37.639787635,
                55.698416516
              ]
            ]
          ],
          [
            [
              [
                37.639600874,
                55.698133798
              ],
              [
                37.639597378,
                55.698134521
              ],
              [
                37.639602494,
                55.69814206
              ],
              [
                37.639605831,
                55.698141338
              ],
              [
                37.63960711,
                55.698143222
              ],
              [
                37.639617122,
                55.698141055
              ],
              [
                37.639609607,
                55.698129747
              ],
              [
                37.639599595,
                55.698131914
              ],
              [
                37.639600874,
                55.698133798
              ]
            ]
          ],
          [
            [
              [
                37.640227511,
                55.697649325
              ],
              [
                37.640224173,
                55.697650048
              ],
              [
                37.64022801,
                55.697655702
              ],
              [
                37.640248034,
                55.697651458
              ],
              [
                37.640244197,
                55.697645803
              ],
              [
                37.64024086,
                55.697646526
              ],
              [
                37.64023958,
                55.697644551
              ],
              [
                37.640226232,
                55.697647441
              ],
              [
                37.640227511,
                55.697649325
              ]
            ]
          ],
          [
            [
              [
                37.639478541,
                55.6978105
              ],
              [
                37.639475204,
                55.697811222
              ],
              [
                37.639478882,
                55.697816877
              ],
              [
                37.639499064,
                55.697812543
              ],
              [
                37.639495227,
                55.697806888
              ],
              [
                37.63949189,
                55.697807611
              ],
              [
                37.639490611,
                55.697805726
              ],
              [
                37.639477262,
                55.697808615
              ],
              [
                37.639478541,
                55.6978105
              ]
            ]
          ],
          [
            [
              [
                37.639577052,
                55.698098527
              ],
              [
                37.639573715,
                55.698099249
              ],
              [
                37.639578831,
                55.698106788
              ],
              [
                37.639582168,
                55.698106066
              ],
              [
                37.639583447,
                55.69810795
              ],
              [
                37.639593459,
                55.698105873
              ],
              [
                37.639585785,
                55.698094475
              ],
              [
                37.639575773,
                55.698096642
              ],
              [
                37.639577052,
                55.698098527
              ]
            ]
          ],
          [
            [
              [
                37.640581221,
                55.698009185
              ],
              [
                37.640571209,
                55.698011263
              ],
              [
                37.640578883,
                55.698022661
              ],
              [
                37.640588895,
                55.698020494
              ],
              [
                37.640587616,
                55.698018609
              ],
              [
                37.640590953,
                55.698017887
              ],
              [
                37.640585837,
                55.698010348
              ],
              [
                37.6405825,
                55.69801107
              ],
              [
                37.640581221,
                55.698009185
              ]
            ]
          ],
          [
            [
              [
                37.639909924,
                55.698592062
              ],
              [
                37.639906587,
                55.698592785
              ],
              [
                37.639911703,
                55.698600324
              ],
              [
                37.63991504,
                55.698599601
              ],
              [
                37.639916319,
                55.698601486
              ],
              [
                37.639926331,
                55.698599409
              ],
              [
                37.639918657,
                55.698588011
              ],
              [
                37.639908645,
                55.698590178
              ],
              [
                37.639909924,
                55.698592062
              ]
            ]
          ],
          [
            [
              [
                37.640542689,
                55.697952105
              ],
              [
                37.640532677,
                55.697954272
              ],
              [
                37.640540351,
                55.69796558
              ],
              [
                37.640550363,
                55.697963413
              ],
              [
                37.640549084,
                55.697961528
              ],
              [
                37.640552421,
                55.697960806
              ],
              [
                37.640547305,
                55.697953267
              ],
              [
                37.640543968,
                55.697953989
              ],
              [
                37.640542689,
                55.697952105
              ]
            ]
          ],
          [
            [
              [
                37.640428532,
                55.697782747
              ],
              [
                37.640427253,
                55.697780862
              ],
              [
                37.640417241,
                55.697783029
              ],
              [
                37.640424915,
                55.697794338
              ],
              [
                37.640434927,
                55.697792171
              ],
              [
                37.640433648,
                55.697790286
              ],
              [
                37.640436985,
                55.697789563
              ],
              [
                37.640431869,
                55.697782025
              ],
              [
                37.640428532,
                55.697782747
              ]
            ]
          ],
          [
            [
              [
                37.639835279,
                55.698487059
              ],
              [
                37.639840395,
                55.698494598
              ],
              [
                37.639843733,
                55.698493876
              ],
              [
                37.639845012,
                55.698495761
              ],
              [
                37.639855023,
                55.698493594
              ],
              [
                37.639847349,
                55.698482285
              ],
              [
                37.639837337,
                55.698484452
              ],
              [
                37.639838616,
                55.698486337
              ],
              [
                37.639835279,
                55.698487059
              ]
            ]
          ],
          [
            [
              [
                37.639811457,
                55.698451787
              ],
              [
                37.639816573,
                55.698459326
              ],
              [
                37.63981991,
                55.698458604
              ],
              [
                37.639821189,
                55.698460489
              ],
              [
                37.639831201,
                55.698458322
              ],
              [
                37.639823527,
                55.698447013
              ],
              [
                37.639813515,
                55.69844918
              ],
              [
                37.639814794,
                55.698451065
              ],
              [
                37.639811457,
                55.698451787
              ]
            ]
          ],
          [
            [
              [
                37.639915401,
                55.697716504
              ],
              [
                37.639912064,
                55.697717227
              ],
              [
                37.639915901,
                55.697722881
              ],
              [
                37.639935924,
                55.697718547
              ],
              [
                37.639932087,
                55.697712893
              ],
              [
                37.63992875,
                55.697713615
              ],
              [
                37.639927471,
                55.69771173
              ],
              [
                37.639914122,
                55.69771462
              ],
              [
                37.639915401,
                55.697716504
              ]
            ]
          ],
          [
            [
              [
                37.639665744,
                55.697770229
              ],
              [
                37.639662407,
                55.697770952
              ],
              [
                37.639666244,
                55.697776606
              ],
              [
                37.639686267,
                55.697772272
              ],
              [
                37.63968243,
                55.697766618
              ],
              [
                37.639679093,
                55.69776734
              ],
              [
                37.639677814,
                55.697765455
              ],
              [
                37.639664465,
                55.697768345
              ],
              [
                37.639665744,
                55.697770229
              ]
            ]
          ],
          [
            [
              [
                37.639716328,
                55.69831079
              ],
              [
                37.639721444,
                55.698318329
              ],
              [
                37.639724781,
                55.698317607
              ],
              [
                37.63972606,
                55.698319492
              ],
              [
                37.639736072,
                55.698317325
              ],
              [
                37.639728398,
                55.698306016
              ],
              [
                37.639718386,
                55.698308183
              ],
              [
                37.639719665,
                55.698310068
              ],
              [
                37.639716328,
                55.69831079
              ]
            ]
          ],
          [
            [
              [
                37.63974015,
                55.698346062
              ],
              [
                37.639745266,
                55.698353601
              ],
              [
                37.639748603,
                55.698352879
              ],
              [
                37.639749882,
                55.698354763
              ],
              [
                37.639759894,
                55.698352596
              ],
              [
                37.63975222,
                55.698341288
              ],
              [
                37.639742208,
                55.698343455
              ],
              [
                37.639743487,
                55.69834534
              ],
              [
                37.63974015,
                55.698346062
              ]
            ]
          ],
          [
            [
              [
                37.64039,
                55.697725666
              ],
              [
                37.640388721,
                55.697723781
              ],
              [
                37.64037871,
                55.697725948
              ],
              [
                37.640386384,
                55.697737257
              ],
              [
                37.640396395,
                55.69773509
              ],
              [
                37.640395116,
                55.697733205
              ],
              [
                37.640398454,
                55.697732483
              ],
              [
                37.640393337,
                55.697724944
              ],
              [
                37.64039,
                55.697725666
              ]
            ]
          ],
          [
            [
              [
                37.639623258,
                55.698167186
              ],
              [
                37.639624537,
                55.69816907
              ],
              [
                37.639621199,
                55.698169793
              ],
              [
                37.639626315,
                55.698177332
              ],
              [
                37.639629653,
                55.698176609
              ],
              [
                37.639630932,
                55.698178494
              ],
              [
                37.639640943,
                55.698176327
              ],
              [
                37.639633269,
                55.698165019
              ],
              [
                37.639623258,
                55.698167186
              ]
            ]
          ],
          [
            [
              [
                37.639481925,
                55.697957529
              ],
              [
                37.639478587,
                55.697958252
              ],
              [
                37.639483703,
                55.697965791
              ],
              [
                37.639487041,
                55.697965068
              ],
              [
                37.63948832,
                55.697966953
              ],
              [
                37.639498331,
                55.697964786
              ],
              [
                37.639490657,
                55.697953478
              ],
              [
                37.639480646,
                55.697955644
              ],
              [
                37.639481925,
                55.697957529
              ]
            ]
          ],
          [
            [
              [
                37.63960329,
                55.697783683
              ],
              [
                37.639599953,
                55.697784315
              ],
              [
                37.63960379,
                55.697790059
              ],
              [
                37.639623813,
                55.697785725
              ],
              [
                37.639619977,
                55.697780071
              ],
              [
                37.639616639,
                55.697780794
              ],
              [
                37.63961536,
                55.697778909
              ],
              [
                37.639602011,
                55.697781798
              ],
              [
                37.63960329,
                55.697783683
              ]
            ]
          ],
          [
            [
              [
                37.63964708,
                55.698202457
              ],
              [
                37.639648359,
                55.698204342
              ],
              [
                37.639645021,
                55.698204975
              ],
              [
                37.639650137,
                55.698212603
              ],
              [
                37.639653475,
                55.698211881
              ],
              [
                37.639654754,
                55.698213766
              ],
              [
                37.639664765,
                55.698211599
              ],
              [
                37.639657091,
                55.69820029
              ],
              [
                37.63964708,
                55.698202457
              ]
            ]
          ]
        ]
      }
    },
    {
      "type": "Feature",
      "properties": {
        "id": 97,
        "object_type": "restriction",
        "restriction_type": "oks",
        "address": "бульвар Братьев Весниных, дом 3"
      },
      "geometry": {
        "type": "MultiPolygon",
        "coordinates": [
          [
            [
              [
                37.639957861,
                55.697194332
              ],
              [
                37.639682846,
                55.696769258
              ],
              [
                37.638867155,
                55.696943659
              ],
              [
                37.639144274,
                55.697371109
              ],
              [
                37.639957861,
                55.697194332
              ]
            ]
          ]
        ]
      }
    },
    {
      "type": "Feature",
      "properties": {
        "id": 98,
        "object_type": "restriction",
        "restriction_type": "oks",
        "address": "улица Тюфелева Роща, дом 3"
      },
      "geometry": {
        "type": "MultiPolygon",
        "coordinates": [
          [
            [
              [
                37.636131046,
                55.703033503
              ],
              [
                37.636133908,
                55.70303323
              ],
              [
                37.636138091,
                55.703046968
              ],
              [
                37.636184838,
                55.703042335
              ],
              [
                37.636180656,
                55.703028688
              ],
              [
                37.636222156,
                55.7030246
              ],
              [
                37.636225856,
                55.703036632
              ],
              [
                37.636413639,
                55.703017832
              ],
              [
                37.636410262,
                55.703007327
              ],
              [
                37.636419643,
                55.703006418
              ],
              [
                37.636408064,
                55.702969785
              ],
              [
                37.636428576,
                55.702967786
              ],
              [
                37.636422941,
                55.702948212
              ],
              [
                37.636402112,
                55.702950391
              ],
              [
                37.636367533,
                55.702840312
              ],
              [
                37.636390748,
                55.70283804
              ],
              [
                37.636383832,
                55.702815953
              ],
              [
                37.636360459,
                55.702818314
              ],
              [
                37.63634936,
                55.702782668
              ],
              [
                37.636370984,
                55.702780489
              ],
              [
                37.636364873,
                55.702761005
              ],
              [
                37.636343248,
                55.702763094
              ],
              [
                37.636316713,
                55.702679054
              ],
              [
                37.63633945,
                55.702676783
              ],
              [
                37.636322564,
                55.70262327
              ],
              [
                37.636239406,
                55.702631625
              ],
              [
                37.636234099,
                55.702614745
              ],
              [
                37.636202775,
                55.702617833
              ],
              [
                37.636115114,
                55.70233572
              ],
              [
                37.63603609,
                55.702343532
              ],
              [
                37.636033033,
                55.702333475
              ],
              [
                37.636018564,
                55.702334928
              ],
              [
                37.636017921,
                55.702332953
              ],
              [
                37.635897557,
                55.702344852
              ],
              [
                37.635901255,
                55.702356434
              ],
              [
                37.635827796,
                55.702363701
              ],
              [
                37.635954406,
                55.702778613
              ],
              [
                37.635957586,
                55.70277834
              ],
              [
                37.63596016,
                55.70278678
              ],
              [
                37.635949825,
                55.702787779
              ],
              [
                37.635950468,
                55.702789844
              ],
              [
                37.635954603,
                55.702789481
              ],
              [
                37.635966988,
                55.702829526
              ],
              [
                37.635963013,
                55.70282989
              ],
              [
                37.635963656,
                55.702831865
              ],
              [
                37.635973673,
                55.702830866
              ],
              [
                37.635978338,
                55.70284595
              ],
              [
                37.636041463,
                55.702839863
              ],
              [
                37.636050956,
                55.702871289
              ],
              [
                37.636080372,
                55.702868472
              ],
              [
                37.636090668,
                55.702902233
              ],
              [
                37.63606809,
                55.702904413
              ],
              [
                37.636073884,
                55.702923987
              ],
              [
                37.63609678,
                55.702921806
              ],
              [
                37.636131046,
                55.703033503
              ]
            ]
          ]
        ]
      }
    },
    {
      "type": "Feature",
      "properties": {
        "id": 99,
        "object_type": "restriction",
        "restriction_type": "oks",
        "address": "проспект Лихачёва, дом 5"
      },
      "geometry": {
        "type": "MultiPolygon",
        "coordinates": [
          [
            [
              [
                37.633238221,
                55.701240815
              ],
              [
                37.633430599,
                55.701830347
              ],
              [
                37.634798182,
                55.701699107
              ],
              [
                37.634853211,
                55.701693913
              ],
              [
                37.634658773,
                55.701098398
              ],
              [
                37.634171637,
                55.701149119
              ],
              [
                37.634175717,
                55.701161376
              ],
              [
                37.633727953,
                55.70120806
              ],
              [
                37.633722334,
                55.701190385
              ],
              [
                37.633238221,
                55.701240815
              ]
            ],
            [
              [
                37.633599824,
                55.701399265
              ],
              [
                37.633997157,
                55.701362928
              ],
              [
                37.63400079,
                55.701375121
              ],
              [
                37.634019461,
                55.701377974
              ],
              [
                37.63403642,
                55.70137604
              ],
              [
                37.634049969,
                55.701369319
              ],
              [
                37.634047268,
                55.701358362
              ],
              [
                37.634419675,
                55.701322806
              ],
              [
                37.634492756,
                55.701578242
              ],
              [
                37.63441703,
                55.701585169
              ],
              [
                37.634409119,
                55.701556556
              ],
              [
                37.63366576,
                55.701629701
              ],
              [
                37.633599824,
                55.701399265
              ]
            ]
          ]
        ]
      }
    },
    {
      "type": "Feature",
      "properties": {
        "id": 100,
        "object_type": "restriction",
        "restriction_type": "oks",
        "address": "Автозаводская улица, дом 23, корпус 3"
      },
      "geometry": {
        "type": "MultiPolygon",
        "coordinates": [
          [
            [
              [
                37.645849755,
                55.703127831
              ],
              [
                37.645901369,
                55.703290888
              ],
              [
                37.646004346,
                55.703280503
              ],
              [
                37.645999241,
                55.703264823
              ],
              [
                37.646289012,
                55.703235677
              ],
              [
                37.646294122,
                55.703252211
              ],
              [
                37.646389024,
                55.703242687
              ],
              [
                37.646383414,
                55.703225013
              ],
              [
                37.646495474,
                55.703213758
              ],
              [
                37.646500582,
                55.703229438
              ],
              [
                37.646613171,
                55.703218182
              ],
              [
                37.646607543,
                55.703200793
              ],
              [
                37.646904379,
                55.703170782
              ],
              [
                37.646908466,
                55.70318361
              ],
              [
                37.647004379,
                55.703174087
              ],
              [
                37.647000814,
                55.703163539
              ],
              [
                37.646961977,
                55.703041816
              ],
              [
                37.646951756,
                55.703009032
              ],
              [
                37.646853314,
                55.703018846
              ],
              [
                37.646855864,
                55.703027682
              ],
              [
                37.646562058,
                55.703057405
              ],
              [
                37.646556446,
                55.703039446
              ],
              [
                37.646236895,
                55.703071765
              ],
              [
                37.646242005,
                55.703088298
              ],
              [
                37.645849755,
                55.703127831
              ]
            ]
          ]
        ]
      }
    },
    {
      "type": "Feature",
      "properties": {
        "id": 101,
        "object_type": "restriction",
        "restriction_type": "oks",
        "address": "проспект Лихачёва, дом 5, корпус 1"
      },
      "geometry": {
        "type": "MultiPolygon",
        "coordinates": [
          [
            [
              [
                37.633776117,
                55.70324482
              ],
              [
                37.633947365,
                55.703227659
              ],
              [
                37.633947687,
                55.703228826
              ],
              [
                37.633959772,
                55.703227646
              ],
              [
                37.633942406,
                55.703172426
              ],
              [
                37.633972776,
                55.703169429
              ],
              [
                37.633968431,
                55.703154793
              ],
              [
                37.634049842,
                55.703146621
              ],
              [
                37.634042578,
                55.703162168
              ],
              [
                37.634072153,
                55.703159172
              ],
              [
                37.63406765,
                55.703144806
              ],
              [
                37.634381685,
                55.703113297
              ],
              [
                37.634387643,
                55.703134847
              ],
              [
                37.63464841,
                55.703108516
              ],
              [
                37.634668763,
                55.703106518
              ],
              [
                37.634662009,
                55.703085148
              ],
              [
                37.634775697,
                55.703073797
              ],
              [
                37.63478084,
                55.70308933
              ],
              [
                37.634812004,
                55.703085793
              ],
              [
                37.634807021,
                55.703070529
              ],
              [
                37.634870623,
                55.703064262
              ],
              [
                37.634874964,
                55.70307791
              ],
              [
                37.634883868,
                55.703077002
              ],
              [
                37.634890975,
                55.703062174
              ],
              [
                37.635348748,
                55.703016315
              ],
              [
                37.635328486,
                55.702952297
              ],
              [
                37.635362354,
                55.702948846
              ],
              [
                37.635342895,
                55.702886803
              ],
              [
                37.635309027,
                55.702890253
              ],
              [
                37.635257246,
                55.702725942
              ],
              [
                37.635290955,
                55.702722582
              ],
              [
                37.635274873,
                55.702671313
              ],
              [
                37.635241164,
                55.702674673
              ],
              [
                37.635224117,
                55.702620082
              ],
              [
                37.635260051,
                55.70261645
              ],
              [
                37.635252976,
                55.702594183
              ],
              [
                37.635217041,
                55.702597636
              ],
              [
                37.635185683,
                55.702497971
              ],
              [
                37.635225624,
                55.702503227
              ],
              [
                37.635221926,
                55.702491555
              ],
              [
                37.635184719,
                55.702495278
              ],
              [
                37.635157382,
                55.702408453
              ],
              [
                37.635191249,
                55.702405003
              ],
              [
                37.635175329,
                55.702354453
              ],
              [
                37.635141461,
                55.702357813
              ],
              [
                37.635105278,
                55.702242616
              ],
              [
                37.63506998,
                55.702246157
              ],
              [
                37.635063226,
                55.702224518
              ],
              [
                37.635053367,
                55.702225427
              ],
              [
                37.635043745,
                55.70224879
              ],
              [
                37.634452103,
                55.702308177
              ],
              [
                37.634452906,
                55.702310512
              ],
              [
                37.634151439,
                55.702340749
              ],
              [
                37.634150636,
                55.702338415
              ],
              [
                37.633610825,
                55.702392622
              ],
              [
                37.633628189,
                55.702447302
              ],
              [
                37.633589075,
                55.702451297
              ],
              [
                37.633592129,
                55.702460904
              ],
              [
                37.633634139,
                55.702466427
              ],
              [
                37.633759392,
                55.7028632
              ],
              [
                37.633758597,
                55.70286329
              ],
              [
                37.633767279,
                55.702890855
              ],
              [
                37.63372562,
                55.702895032
              ],
              [
                37.633727549,
                55.702900778
              ],
              [
                37.633772425,
                55.702907376
              ],
              [
                37.633787862,
                55.70295649
              ],
              [
                37.633712335,
                55.702964027
              ],
              [
                37.633722625,
                55.70299662
              ],
              [
                37.633739956,
                55.702994805
              ],
              [
                37.633799288,
                55.70318291
              ],
              [
                37.633756675,
                55.703187268
              ],
              [
                37.633766322,
                55.703217706
              ],
              [
                37.633767594,
                55.703217615
              ],
              [
                37.633776117,
                55.70324482
              ]
            ]
          ]
        ]
      }
    },
    {
      "type": "Feature",
      "properties": {
        "id": 102,
        "object_type": "restriction",
        "restriction_type": "oks",
        "address": "проспект Лихачёва, дом 5, строение 3"
      },
      "geometry": {
        "type": "MultiPolygon",
        "coordinates": [
          [
            [
              [
                37.636572274,
                55.703305171
              ],
              [
                37.636566492,
                55.703289011
              ],
              [
                37.636529763,
                55.703293183
              ],
              [
                37.636535704,
                55.703309344
              ],
              [
                37.636477989,
                55.703315964
              ],
              [
                37.636508988,
                55.703402695
              ],
              [
                37.636587373,
                55.703393716
              ],
              [
                37.6365734,
                55.70335466
              ],
              [
                37.636595977,
                55.703352031
              ],
              [
                37.636578952,
                55.703304446
              ],
              [
                37.636572274,
                55.703305171
              ]
            ]
          ]
        ]
      }
    },
    {
      "type": "Feature",
      "properties": {
        "id": 103,
        "object_type": "restriction",
        "restriction_type": "oks",
        "address": "проспект Лихачёва, дом 5, корпус 2"
      },
      "geometry": {
        "type": "MultiPolygon",
        "coordinates": [
          [
            [
              [
                37.634568915,
                55.703397728
              ],
              [
                37.635387638,
                55.703317254
              ],
              [
                37.635344529,
                55.703177185
              ],
              [
                37.63524674,
                55.703186723
              ],
              [
                37.6352432,
                55.703174781
              ],
              [
                37.635219667,
                55.703177052
              ],
              [
                37.635223208,
                55.703189084
              ],
              [
                37.635071993,
                55.70320389
              ],
              [
                37.635073922,
                55.703209816
              ],
              [
                37.635044506,
                55.703212722
              ],
              [
                37.635050296,
                55.703231308
              ],
              [
                37.635079553,
                55.703228492
              ],
              [
                37.635096603,
                55.703283622
              ],
              [
                37.634550416,
                55.703337301
              ],
              [
                37.634568915,
                55.703397728
              ]
            ]
          ]
        ]
      }
    },
    {
      "type": "Feature",
      "properties": {
        "id": 104,
        "object_type": "restriction",
        "restriction_type": "oks",
        "address": "проспект Лихачёва, сооружение 3А, строение 1"
      },
      "geometry": {
        "type": "MultiPolygon",
        "coordinates": [
          [
            [
              [
                37.632217364,
                55.701500875
              ],
              [
                37.632200645,
                55.70144808
              ],
              [
                37.632103494,
                55.701456806
              ],
              [
                37.63208918,
                55.701409757
              ],
              [
                37.632179173,
                55.701400769
              ],
              [
                37.632162135,
                55.701347614
              ],
              [
                37.632072462,
                55.701356961
              ],
              [
                37.632055422,
                55.701303268
              ],
              [
                37.631952551,
                55.701313707
              ],
              [
                37.631969908,
                55.701367221
              ],
              [
                37.631880074,
                55.701376298
              ],
              [
                37.631897111,
                55.701429273
              ],
              [
                37.631987104,
                55.701420195
              ],
              [
                37.632002692,
                55.701468052
              ],
              [
                37.631536828,
                55.701515614
              ],
              [
                37.631554349,
                55.701570923
              ],
              [
                37.632217364,
                55.701500875
              ]
            ]
          ],
          [
            [
              [
                37.63224429,
                55.701609437
              ],
              [
                37.63222741,
                55.701556013
              ],
              [
                37.632046785,
                55.701573362
              ],
              [
                37.632064142,
                55.701626965
              ],
              [
                37.63224429,
                55.701609437
              ]
            ]
          ],
          [
            [
              [
                37.631908855,
                55.701754134
              ],
              [
                37.631901786,
                55.701732945
              ],
              [
                37.6317439,
                55.701749101
              ],
              [
                37.63175081,
                55.701770201
              ],
              [
                37.631908855,
                55.701754134
              ]
            ]
          ],
          [
            [
              [
                37.632442392,
                55.701633655
              ],
              [
                37.632433548,
                55.701605013
              ],
              [
                37.632344191,
                55.701614001
              ],
              [
                37.632353194,
                55.701642733
              ],
              [
                37.632442392,
                55.701633655
              ]
            ]
          ]
        ]
      }
    },
    {
      "type": "Feature",
      "properties": {
        "id": 105,
        "object_type": "restriction",
        "restriction_type": "oks",
        "address": "бульвар Братьев Весниных, дом 4"
      },
      "geometry": {
        "type": "MultiPolygon",
        "coordinates": [
          [
            [
              [
                37.636103323,
                55.695239892
              ],
              [
                37.636126842,
                55.695234836
              ],
              [
                37.636121248,
                55.695226669
              ],
              [
                37.636097729,
                55.695231724
              ],
              [
                37.636103323,
                55.695239892
              ]
            ]
          ],
          [
            [
              [
                37.636145523,
                55.695302449
              ],
              [
                37.636169041,
                55.695297393
              ],
              [
                37.636163447,
                55.695289226
              ],
              [
                37.636139928,
                55.695294282
              ],
              [
                37.636145523,
                55.695302449
              ]
            ]
          ],
          [
            [
              [
                37.636187883,
                55.695365455
              ],
              [
                37.636211401,
                55.695360399
              ],
              [
                37.636205807,
                55.695352142
              ],
              [
                37.636182447,
                55.695357198
              ],
              [
                37.636187883,
                55.695365455
              ]
            ]
          ],
          [
            [
              [
                37.635837444,
                55.695520598
              ],
              [
                37.635858103,
                55.695516175
              ],
              [
                37.635854266,
                55.69551043
              ],
              [
                37.635833608,
                55.695514944
              ],
              [
                37.635837444,
                55.695520598
              ]
            ]
          ],
          [
            [
              [
                37.636420174,
                55.695581122
              ],
              [
                37.63681713,
                55.695495625
              ],
              [
                37.636570322,
                55.695129708
              ],
              [
                37.63617321,
                55.695215115
              ],
              [
                37.636420174,
                55.695581122
              ]
            ]
          ],
          [
            [
              [
                37.636230082,
                55.695427922
              ],
              [
                37.636253601,
                55.695422866
              ],
              [
                37.636248006,
                55.695414699
              ],
              [
                37.636224647,
                55.695419755
              ],
              [
                37.636230082,
                55.695427922
              ]
            ]
          ],
          [
            [
              [
                37.636247172,
                55.696046933
              ],
              [
                37.63660377,
                55.695970193
              ],
              [
                37.636237873,
                55.695427554
              ],
              [
                37.635881121,
                55.695504293
              ],
              [
                37.635946817,
                55.695601674
              ],
              [
                37.635919644,
                55.695607542
              ],
              [
                37.635916446,
                55.695602695
              ],
              [
                37.635895788,
                55.695607119
              ],
              [
                37.635949816,
                55.695687178
              ],
              [
                37.635970316,
                55.695682844
              ],
              [
                37.635967439,
                55.695678716
              ],
              [
                37.635994772,
                55.695672847
              ],
              [
                37.636247172,
                55.696046933
              ]
            ]
          ],
          [
            [
              [
                37.636195343,
                55.696051212
              ],
              [
                37.63619918,
                55.696056956
              ],
              [
                37.636219838,
                55.696052532
              ],
              [
                37.636216002,
                55.696046788
              ],
              [
                37.636195343,
                55.696051212
              ]
            ]
          ],
          [
            [
              [
                37.635858384,
                55.695551653
              ],
              [
                37.635879042,
                55.695547229
              ],
              [
                37.635875206,
                55.695541485
              ],
              [
                37.635854548,
                55.695545998
              ],
              [
                37.635858384,
                55.695551653
              ]
            ]
          ],
          [
            [
              [
                37.635879324,
                55.695582707
              ],
              [
                37.635899982,
                55.695578283
              ],
              [
                37.635896146,
                55.695572539
              ],
              [
                37.635875488,
                55.695577052
              ],
              [
                37.635879324,
                55.695582707
              ]
            ]
          ],
          [
            [
              [
                37.635972196,
                55.695720835
              ],
              [
                37.635992855,
                55.695716412
              ],
              [
                37.635989018,
                55.695710667
              ],
              [
                37.63596836,
                55.695715091
              ],
              [
                37.635972196,
                55.695720835
              ]
            ]
          ],
          [
            [
              [
                37.635994894,
                55.695754403
              ],
              [
                37.636015553,
                55.695749979
              ],
              [
                37.636011716,
                55.695744235
              ],
              [
                37.635991058,
                55.695748658
              ],
              [
                37.635994894,
                55.695754403
              ]
            ]
          ],
          [
            [
              [
                37.636018072,
                55.695788778
              ],
              [
                37.636038731,
                55.695784354
              ],
              [
                37.636034894,
                55.695778699
              ],
              [
                37.636014236,
                55.695783123
              ],
              [
                37.636018072,
                55.695788778
              ]
            ]
          ],
          [
            [
              [
                37.636041409,
                55.695823242
              ],
              [
                37.636062068,
                55.695818818
              ],
              [
                37.636058072,
                55.695813074
              ],
              [
                37.636037414,
                55.695817498
              ],
              [
                37.636041409,
                55.695823242
              ]
            ]
          ],
          [
            [
              [
                37.636063948,
                55.69585681
              ],
              [
                37.636084607,
                55.695852386
              ],
              [
                37.63608077,
                55.695846641
              ],
              [
                37.636060112,
                55.695851065
              ],
              [
                37.636063948,
                55.69585681
              ]
            ]
          ],
          [
            [
              [
                37.636086647,
                55.695890377
              ],
              [
                37.636107305,
                55.695885953
              ],
              [
                37.636103469,
                55.695880209
              ],
              [
                37.63608281,
                55.695884633
              ],
              [
                37.636086647,
                55.695890377
              ]
            ]
          ],
          [
            [
              [
                37.636109185,
                55.695923675
              ],
              [
                37.636129843,
                55.695919251
              ],
              [
                37.636126007,
                55.695913506
              ],
              [
                37.636105348,
                55.69591793
              ],
              [
                37.636109185,
                55.695923675
              ]
            ]
          ],
          [
            [
              [
                37.636131723,
                55.695956972
              ],
              [
                37.636152382,
                55.695952549
              ],
              [
                37.636148545,
                55.695946804
              ],
              [
                37.636127887,
                55.695951318
              ],
              [
                37.636131723,
                55.695956972
              ]
            ]
          ],
          [
            [
              [
                37.636154262,
                55.69599027
              ],
              [
                37.63617492,
                55.695985846
              ],
              [
                37.636170925,
                55.695980192
              ],
              [
                37.636150266,
                55.695984616
              ],
              [
                37.636154262,
                55.69599027
              ]
            ]
          ],
          [
            [
              [
                37.636176641,
                55.696023658
              ],
              [
                37.636197299,
                55.696019144
              ],
              [
                37.636193463,
                55.69601349
              ],
              [
                37.636172805,
                55.696017914
              ],
              [
                37.636176641,
                55.696023658
              ]
            ]
          ],
          [
            [
              [
                37.636337291,
                55.69626177
              ],
              [
                37.636357949,
                55.696257346
              ],
              [
                37.636354113,
                55.696251602
              ],
              [
                37.636333454,
                55.696256025
              ],
              [
                37.636337291,
                55.69626177
              ]
            ]
          ],
          [
            [
              [
                37.63635967,
                55.696295068
              ],
              [
                37.636380329,
                55.696290644
              ],
              [
                37.636376493,
                55.6962849
              ],
              [
                37.636355834,
                55.696289413
              ],
              [
                37.63635967,
                55.696295068
              ]
            ]
          ],
          [
            [
              [
                37.636382209,
                55.696328365
              ],
              [
                37.636402868,
                55.696323941
              ],
              [
                37.636399032,
                55.696318287
              ],
              [
                37.636378373,
                55.696322711
              ],
              [
                37.636382209,
                55.696328365
              ]
            ]
          ],
          [
            [
              [
                37.63640443,
                55.696361753
              ],
              [
                37.636425089,
                55.696357329
              ],
              [
                37.636421252,
                55.696351585
              ],
              [
                37.636400594,
                55.696356099
              ],
              [
                37.63640443,
                55.696361753
              ]
            ]
          ],
          [
            [
              [
                37.636426969,
                55.696395051
              ],
              [
                37.636447628,
                55.696390627
              ],
              [
                37.636443791,
                55.696384973
              ],
              [
                37.636423133,
                55.696389397
              ],
              [
                37.636426969,
                55.696395051
              ]
            ]
          ],
          [
            [
              [
                37.636449668,
                55.696428618
              ],
              [
                37.636470327,
                55.696424194
              ],
              [
                37.63646649,
                55.69641854
              ],
              [
                37.636445831,
                55.696422964
              ],
              [
                37.636449668,
                55.696428618
              ]
            ]
          ],
          [
            [
              [
                37.636472207,
                55.696462006
              ],
              [
                37.636492865,
                55.696457492
              ],
              [
                37.636489029,
                55.696451838
              ],
              [
                37.63646837,
                55.696456262
              ],
              [
                37.636472207,
                55.696462006
              ]
            ]
          ],
          [
            [
              [
                37.636495546,
                55.69649665
              ],
              [
                37.636516204,
                55.696492226
              ],
              [
                37.636512368,
                55.696486482
              ],
              [
                37.636491709,
                55.696490906
              ],
              [
                37.636495546,
                55.69649665
              ]
            ]
          ],
          [
            [
              [
                37.636517926,
                55.696529948
              ],
              [
                37.636538584,
                55.696525524
              ],
              [
                37.636534748,
                55.69651978
              ],
              [
                37.636514089,
                55.696524294
              ],
              [
                37.636517926,
                55.696529948
              ]
            ]
          ],
          [
            [
              [
                37.636541423,
                55.696564592
              ],
              [
                37.636562082,
                55.696560168
              ],
              [
                37.636558246,
                55.696554514
              ],
              [
                37.636537587,
                55.696558938
              ],
              [
                37.636541423,
                55.696564592
              ]
            ]
          ],
          [
            [
              [
                37.636563804,
                55.69659798
              ],
              [
                37.636584462,
                55.696593466
              ],
              [
                37.636580626,
                55.696587812
              ],
              [
                37.636559967,
                55.696592236
              ],
              [
                37.636563804,
                55.69659798
              ]
            ]
          ],
          [
            [
              [
                37.636586661,
                55.696631457
              ],
              [
                37.63660732,
                55.696627033
              ],
              [
                37.636603484,
                55.696621379
              ],
              [
                37.636582825,
                55.696625803
              ],
              [
                37.636586661,
                55.696631457
              ]
            ]
          ],
          [
            [
              [
                37.636603171,
                55.695981062
              ],
              [
                37.63662669,
                55.695976006
              ],
              [
                37.636621096,
                55.695967839
              ],
              [
                37.636597577,
                55.695972895
              ],
              [
                37.636603171,
                55.695981062
              ]
            ]
          ],
          [
            [
              [
                37.636920032,
                55.696322201
              ],
              [
                37.637317154,
                55.696236792
              ],
              [
                37.636956201,
                55.695701694
              ],
              [
                37.636559084,
                55.695787103
              ],
              [
                37.636920032,
                55.696322201
              ]
            ]
          ],
          [
            [
              [
                37.636645372,
                55.696043619
              ],
              [
                37.636668891,
                55.696038563
              ],
              [
                37.636663297,
                55.696030306
              ],
              [
                37.636639778,
                55.696035362
              ],
              [
                37.636645372,
                55.696043619
              ]
            ]
          ],
          [
            [
              [
                37.636687893,
                55.696106535
              ],
              [
                37.636711253,
                55.696101479
              ],
              [
                37.636705817,
                55.696093311
              ],
              [
                37.636682298,
                55.696098367
              ],
              [
                37.636687893,
                55.696106535
              ]
            ]
          ],
          [
            [
              [
                37.636729935,
                55.696169092
              ],
              [
                37.636753454,
                55.696164036
              ],
              [
                37.636747859,
                55.696155779
              ],
              [
                37.636724499,
                55.696160834
              ],
              [
                37.636729935,
                55.696169092
              ]
            ]
          ],
          [
            [
              [
                37.636747033,
                55.696788103
              ],
              [
                37.637103637,
                55.696711361
              ],
              [
                37.636737726,
                55.696168724
              ],
              [
                37.636380968,
                55.696245464
              ],
              [
                37.636747033,
                55.696788103
              ]
            ]
          ],
          [
            [
              [
                37.636605205,
                55.6966591
              ],
              [
                37.636609201,
                55.696664844
              ],
              [
                37.636629859,
                55.696660331
              ],
              [
                37.636625864,
                55.696654676
              ],
              [
                37.636605205,
                55.6966591
              ]
            ]
          ],
          [
            [
              [
                37.636631581,
                55.696698142
              ],
              [
                37.63665224,
                55.696693718
              ],
              [
                37.636648403,
                55.696687974
              ],
              [
                37.636627744,
                55.696692398
              ],
              [
                37.636631581,
                55.696698142
              ]
            ]
          ],
          [
            [
              [
                37.637103038,
                55.69672223
              ],
              [
                37.637126558,
                55.696717174
              ],
              [
                37.637120963,
                55.696708917
              ],
              [
                37.637097603,
                55.696713973
              ],
              [
                37.637103038,
                55.69672223
              ]
            ]
          ],
          [
            [
              [
                37.637419909,
                55.697063368
              ],
              [
                37.637817037,
                55.696977957
              ],
              [
                37.637455751,
                55.696442412
              ],
              [
                37.637058628,
                55.696527822
              ],
              [
                37.637419909,
                55.697063368
              ]
            ]
          ],
          [
            [
              [
                37.637145241,
                55.696784787
              ],
              [
                37.63716876,
                55.696779731
              ],
              [
                37.637163165,
                55.696771474
              ],
              [
                37.637139646,
                55.69677653
              ],
              [
                37.637145241,
                55.696784787
              ]
            ]
          ],
          [
            [
              [
                37.637187763,
                55.696847702
              ],
              [
                37.637211123,
                55.696842647
              ],
              [
                37.637205687,
                55.696834389
              ],
              [
                37.637182168,
                55.696839445
              ],
              [
                37.637187763,
                55.696847702
              ]
            ]
          ],
          [
            [
              [
                37.63665412,
                55.69673144
              ],
              [
                37.636674779,
                55.696727016
              ],
              [
                37.636670942,
                55.696721272
              ],
              [
                37.636650284,
                55.696725786
              ],
              [
                37.63665412,
                55.69673144
              ]
            ]
          ],
          [
            [
              [
                37.6366765,
                55.696764738
              ],
              [
                37.636697159,
                55.696760314
              ],
              [
                37.636693323,
                55.69675466
              ],
              [
                37.636672664,
                55.696759084
              ],
              [
                37.6366765,
                55.696764738
              ]
            ]
          ],
          [
            [
              [
                37.63669904,
                55.696798126
              ],
              [
                37.636719699,
                55.696793612
              ],
              [
                37.636715862,
                55.696787958
              ],
              [
                37.636695203,
                55.696792381
              ],
              [
                37.63669904,
                55.696798126
              ]
            ]
          ],
          [
            [
              [
                37.636837156,
                55.697002939
              ],
              [
                37.636857815,
                55.696998425
              ],
              [
                37.636853979,
                55.696992771
              ],
              [
                37.63683332,
                55.696997195
              ],
              [
                37.636837156,
                55.697002939
              ]
            ]
          ],
          [
            [
              [
                37.637229966,
                55.696910259
              ],
              [
                37.637253326,
                55.696905203
              ],
              [
                37.63724789,
                55.696896946
              ],
              [
                37.637224371,
                55.696902002
              ],
              [
                37.637229966,
                55.696910259
              ]
            ]
          ],
          [
            [
              [
                37.636949219,
                55.697169608
              ],
              [
                37.636969878,
                55.697165094
              ],
              [
                37.636966041,
                55.697159439
              ],
              [
                37.636945382,
                55.697163863
              ],
              [
                37.636949219,
                55.697169608
              ]
            ]
          ],
          [
            [
              [
                37.636971919,
                55.697203175
              ],
              [
                37.636992577,
                55.697198661
              ],
              [
                37.636988741,
                55.697193006
              ],
              [
                37.636968082,
                55.69719743
              ],
              [
                37.636971919,
                55.697203175
              ]
            ]
          ],
          [
            [
              [
                37.636994618,
                55.697236742
              ],
              [
                37.637015277,
                55.697232228
              ],
              [
                37.637011441,
                55.697226573
              ],
              [
                37.636990781,
                55.697230997
              ],
              [
                37.636994618,
                55.697236742
              ]
            ]
          ],
          [
            [
              [
                37.636859696,
                55.697036236
              ],
              [
                37.636880355,
                55.697031812
              ],
              [
                37.636876518,
                55.697026068
              ],
              [
                37.636855859,
                55.697030492
              ],
              [
                37.636859696,
                55.697036236
              ]
            ]
          ],
          [
            [
              [
                37.636882076,
                55.697069534
              ],
              [
                37.636902736,
                55.69706511
              ],
              [
                37.636898899,
                55.697059366
              ],
              [
                37.63687824,
                55.69706379
              ],
              [
                37.636882076,
                55.697069534
              ]
            ]
          ],
          [
            [
              [
                37.636904616,
                55.697102832
              ],
              [
                37.636925275,
                55.697098408
              ],
              [
                37.636921439,
                55.697092754
              ],
              [
                37.63690078,
                55.697097178
              ],
              [
                37.636904616,
                55.697102832
              ]
            ]
          ],
          [
            [
              [
                37.636926997,
                55.69713622
              ],
              [
                37.636947656,
                55.697131706
              ],
              [
                37.636943819,
                55.697126052
              ],
              [
                37.63692316,
                55.697130476
              ],
              [
                37.636926997,
                55.69713622
              ]
            ]
          ],
          [
            [
              [
                37.637017798,
                55.697271116
              ],
              [
                37.637038457,
                55.697266692
              ],
              [
                37.63703462,
                55.697260948
              ],
              [
                37.637013961,
                55.697265372
              ],
              [
                37.637017798,
                55.697271116
              ]
            ]
          ],
          [
            [
              [
                37.637154354,
                55.697438027
              ],
              [
                37.63718137,
                55.697432159
              ],
              [
                37.63724995,
                55.697533668
              ],
              [
                37.637294129,
                55.697524188
              ],
              [
                37.637396282,
                55.697675598
              ],
              [
                37.638113951,
                55.697521207
              ],
              [
                37.637895413,
                55.697197027
              ],
              [
                37.637490019,
                55.697284244
              ],
              [
                37.637237598,
                55.696909891
              ],
              [
                37.636880834,
                55.696986633
              ],
              [
                37.637133251,
                55.697360717
              ],
              [
                37.637105759,
                55.697366676
              ],
              [
                37.637103041,
                55.697362547
              ],
              [
                37.6370827,
                55.697366881
              ],
              [
                37.637136733,
                55.697447029
              ],
              [
                37.637157392,
                55.697442515
              ],
              [
                37.637154354,
                55.697438027
              ]
            ]
          ],
          [
            [
              [
                37.637041137,
                55.697305491
              ],
              [
                37.637061796,
                55.697301067
              ],
              [
                37.637057959,
                55.697295323
              ],
              [
                37.6370373,
                55.697299837
              ],
              [
                37.637041137,
                55.697305491
              ]
            ]
          ],
          [
            [
              [
                37.637063678,
                55.697339058
              ],
              [
                37.637084337,
                55.697334634
              ],
              [
                37.6370805,
                55.69732898
              ],
              [
                37.637059841,
                55.697333404
              ],
              [
                37.637063678,
                55.697339058
              ]
            ]
          ],
          [
            [
              [
                37.637174977,
                55.697468722
              ],
              [
                37.637154318,
                55.697473146
              ],
              [
                37.637158155,
                55.697478891
              ],
              [
                37.637178814,
                55.697474466
              ],
              [
                37.637174977,
                55.697468722
              ]
            ]
          ],
          [
            [
              [
                37.637200715,
                55.697506867
              ],
              [
                37.637196878,
                55.697501123
              ],
              [
                37.637176218,
                55.697505547
              ],
              [
                37.637180055,
                55.697511291
              ],
              [
                37.637200715,
                55.697506867
              ]
            ]
          ],
          [
            [
              [
                37.637201956,
                55.697543691
              ],
              [
                37.637222616,
                55.697539267
              ],
              [
                37.637218779,
                55.697533523
              ],
              [
                37.637198119,
                55.697537947
              ],
              [
                37.637201956,
                55.697543691
              ]
            ]
          ]
        ]
      }
    },
    {
      "type": "Feature",
      "properties": {
        "id": 106,
        "object_type": "heat_chamber"
      },
      "geometry": {
        "type": "Point",
        "coordinates": [
          37.638461839014155,
          55.697638532622726
        ]
      }
    },
    {
      "type": "Feature",
      "properties": {
        "id": 107,
        "object_type": "heat_chamber"
      },
      "geometry": {
        "type": "Point",
        "coordinates": [
          37.639557136852176,
          55.69865158990196
        ]
      }
    },
    {
      "type": "Feature",
      "properties": {
        "id": 108,
        "object_type": "heat_chamber"
      },
      "geometry": {
        "type": "Point",
        "coordinates": [
          37.64002953630141,
          55.699944966732645
        ]
      }
    },
    {
      "type": "Feature",
      "properties": {
        "id": 109,
        "object_type": "heat_chamber"
      },
      "geometry": {
        "type": "Point",
        "coordinates": [
          37.63998799936458,
          55.69926893601545
        ]
      }
    },
    {
      "type": "Feature",
      "properties": {
        "id": 110,
        "object_type": "heat_chamber"
      },
      "geometry": {
        "type": "Point",
        "coordinates": [
          37.639132446457374,
          55.69802165934685
        ]
      }
    },
    {
      "type": "Feature",
      "properties": {
        "id": 111,
        "object_type": "heat_chamber"
      },
      "geometry": {
        "type": "Point",
        "coordinates": [
          37.63723902025704,
          55.69591410141635
        ]
      }
    },
    {
      "type": "Feature",
      "properties": {
        "id": 112,
        "object_type": "heat_chamber"
      },
      "geometry": {
        "type": "Point",
        "coordinates": [
          37.636558586489386,
          55.69497149089124
        ]
      }
    },
    {
      "type": "Feature",
      "properties": {
        "id": 113,
        "object_type": "heat_chamber"
      },
      "geometry": {
        "type": "Point",
        "coordinates": [
          37.636095454466684,
          55.69428608084644
        ]
      }
    },
    {
      "type": "Feature",
      "properties": {
        "id": 114,
        "object_type": "heat_chamber"
      },
      "geometry": {
        "type": "Point",
        "coordinates": [
          37.63743629829632,
          55.693580190823454
        ]
      }
    },
    {
      "type": "Feature",
      "properties": {
        "id": 115,
        "diameter": 500,
        "object_type": "heat_network"
      },
      "geometry": {
        "type": "LineString",
        "coordinates": [
          [
            37.64079875310378,
            55.700214414852034
          ],
          [
            37.64074858679058,
            55.7001284272387
          ]
        ]
      }
    },
    {
      "type": "Feature",
      "properties": {
        "id": 116,
        "diameter": 500,
        "object_type": "heat_network"
      },
      "geometry": {
        "type": "LineString",
        "coordinates": [
          [
            37.64103024973653,
            55.70235373754567
          ],
          [
            37.641933243374034,
            55.70225597614395
          ],
          [
            37.641868445219494,
            55.702063986173414
          ],
          [
            37.641797376275804,
            55.70180721283675
          ],
          [
            37.64173048785821,
            55.701648200979676
          ],
          [
            37.6416777087162,
            55.70153865910176
          ],
          [
            37.641608730035564,
            55.70141969391882
          ],
          [
            37.64152302925052,
            55.70128894958723
          ],
          [
            37.64139970373059,
            55.701118156783494
          ],
          [
            37.641353717943495,
            55.70104866156696
          ],
          [
            37.64126174636931,
            55.700896713968135
          ],
          [
            37.641169774795124,
            55.70074358788333
          ],
          [
            37.64109034479923,
            55.700609307592146
          ],
          [
            37.64096492901624,
            55.70043733391388
          ],
          [
            37.64089804059865,
            55.70035016888388
          ],
          [
            37.64088027336271,
            55.700325727303415
          ]
        ]
      }
    },
    {
      "type": "Feature",
      "properties": {
        "id": 117,
        "diameter": 500,
        "object_type": "heat_network"
      },
      "geometry": {
        "type": "LineString",
        "coordinates": [
          [
            37.64085832560069,
            55.700294512732626
          ],
          [
            37.64079875310378,
            55.700214414852034
          ]
        ]
      }
    },
    {
      "type": "Feature",
      "properties": {
        "id": 118,
        "diameter": 500,
        "object_type": "heat_network"
      },
      "geometry": {
        "type": "LineString",
        "coordinates": [
          [
            37.64074858679058,
            55.7001284272387
          ],
          [
            37.640725075584776,
            55.70009252303051
          ]
        ]
      }
    },
    {
      "type": "Feature",
      "properties": {
        "id": 119,
        "diameter": 500,
        "object_type": "heat_network"
      },
      "geometry": {
        "type": "LineString",
        "coordinates": [
          [
            37.640725075584776,
            55.70009252303051
          ],
          [
            37.64067960810994,
            55.70001416943239
          ]
        ]
      }
    },
    {
      "type": "Feature",
      "properties": {
        "id": 120,
        "diameter": 500,
        "object_type": "heat_network"
      },
      "geometry": {
        "type": "LineString",
        "coordinates": [
          [
            37.64088027336271,
            55.700325727303415
          ],
          [
            37.64085832560069,
            55.700294512732626
          ]
        ]
      }
    },
    {
      "type": "Feature",
      "properties": {
        "id": 121,
        "diameter": 400,
        "object_type": "heat_network"
      },
      "geometry": {
        "type": "LineString",
        "coordinates": [
          [
            37.64067960810994,
            55.70001416943239
          ],
          [
            37.64056464364219,
            55.69981510091008
          ],
          [
            37.64002953630146,
            55.69994496673265
          ]
        ]
      }
    },
    {
      "type": "Feature",
      "properties": {
        "id": 122,
        "diameter": 400,
        "object_type": "heat_network"
      },
      "geometry": {
        "type": "LineString",
        "coordinates": [
          [
            37.639899939992375,
            55.699765922583445
          ],
          [
            37.639774075349905,
            55.69957509248492
          ],
          [
            37.64013822998004,
            55.69949499895607
          ],
          [
            37.639987999364614,
            55.69926893601545
          ]
        ]
      }
    },
    {
      "type": "Feature",
      "properties": {
        "id": 123,
        "diameter": 400,
        "object_type": "heat_network"
      },
      "geometry": {
        "type": "LineString",
        "coordinates": [
          [
            37.639557136852204,
            55.698651589902006
          ],
          [
            37.63925186507907,
            55.69819201742701
          ],
          [
            37.63913244645741,
            55.69802165934685
          ]
        ]
      }
    },
    {
      "type": "Feature",
      "properties": {
        "id": 124,
        "diameter": 400,
        "object_type": "heat_network"
      },
      "geometry": {
        "type": "LineString",
        "coordinates": [
          [
            37.639987999364614,
            55.69926893601545
          ],
          [
            37.63957055801799,
            55.69866855213194
          ],
          [
            37.639557136852204,
            55.698651589902006
          ]
        ]
      }
    },
    {
      "type": "Feature",
      "properties": {
        "id": 125,
        "diameter": 400,
        "object_type": "heat_network"
      },
      "geometry": {
        "type": "LineString",
        "coordinates": [
          [
            37.64002953630146,
            55.69994496673265
          ],
          [
            37.63994174525337,
            55.69983895384862
          ],
          [
            37.639899939992375,
            55.699765922583445
          ]
        ]
      }
    },
    {
      "type": "Feature",
      "properties": {
        "id": 126,
        "diameter": 400,
        "object_type": "heat_network"
      },
      "geometry": {
        "type": "LineString",
        "coordinates": [
          [
            37.63913244645741,
            55.69802165934685
          ],
          [
            37.63877119794549,
            55.69811208127024
          ],
          [
            37.63850132531293,
            55.69769516944471
          ],
          [
            37.638461839014134,
            55.697638532622726
          ]
        ]
      }
    },
    {
      "type": "Feature",
      "properties": {
        "id": 127,
        "diameter": 400,
        "object_type": "heat_network"
      },
      "geometry": {
        "type": "LineString",
        "coordinates": [
          [
            37.638461839014134,
            55.697638532622726
          ],
          [
            37.63837822849214,
            55.69750659764934
          ]
        ]
      }
    },
    {
      "type": "Feature",
      "properties": {
        "id": 128,
        "diameter": 400,
        "object_type": "heat_network"
      },
      "geometry": {
        "type": "LineString",
        "coordinates": [
          [
            37.638240271130854,
            55.69734639029723
          ],
          [
            37.63837822849214,
            55.69750659764934
          ]
        ]
      }
    },
    {
      "type": "Feature",
      "properties": {
        "id": 129,
        "diameter": 400,
        "object_type": "heat_network"
      },
      "geometry": {
        "type": "LineString",
        "coordinates": [
          [
            37.63723902025703,
            55.69591410141636
          ],
          [
            37.637679907404305,
            55.69652711254041
          ],
          [
            37.637584554188415,
            55.69654859867515
          ],
          [
            37.63764674826376,
            55.696640692191245
          ],
          [
            37.63773860799891,
            55.69662073700922
          ],
          [
            37.638110674821775,
            55.69716733424431
          ],
          [
            37.638240271130854,
            55.69734639029723
          ]
        ]
      }
    },
    {
      "type": "Feature",
      "properties": {
        "id": 130,
        "diameter": 400,
        "object_type": "heat_network"
      },
      "geometry": {
        "type": "LineString",
        "coordinates": [
          [
            37.63720768118427,
            55.695866797246474
          ],
          [
            37.63723902025703,
            55.69591410141636
          ]
        ]
      }
    },
    {
      "type": "Feature",
      "properties": {
        "id": 131,
        "diameter": 400,
        "object_type": "heat_network"
      },
      "geometry": {
        "type": "LineString",
        "coordinates": [
          [
            37.63665114864728,
            55.69510783616579
          ],
          [
            37.636781267522124,
            55.69527541556877
          ],
          [
            37.637004037563905,
            55.69560832317614
          ],
          [
            37.636915674303424,
            55.6956268365628
          ],
          [
            37.63697786489979,
            55.69571902033464
          ],
          [
            37.637069723823,
            55.69569951489047
          ],
          [
            37.637201297744156,
            55.6958620177174
          ],
          [
            37.63720768118427,
            55.695866797246474
          ]
        ]
      }
    },
    {
      "type": "Feature",
      "properties": {
        "id": 132,
        "diameter": 400,
        "object_type": "heat_network"
      },
      "geometry": {
        "type": "LineString",
        "coordinates": [
          [
            37.636628927170676,
            55.69507507378958
          ],
          [
            37.63665114864728,
            55.69510783616579
          ]
        ]
      }
    },
    {
      "type": "Feature",
      "properties": {
        "id": 133,
        "diameter": 400,
        "object_type": "heat_network"
      },
      "geometry": {
        "type": "LineString",
        "coordinates": [
          [
            37.636558586489386,
            55.694971490891284
          ],
          [
            37.636628927170676,
            55.69507507378958
          ]
        ]
      }
    },
    {
      "type": "Feature",
      "properties": {
        "id": 134,
        "diameter": 400,
        "object_type": "heat_network"
      },
      "geometry": {
        "type": "LineString",
        "coordinates": [
          [
            37.63653636516767,
            55.69493872849752
          ],
          [
            37.636558586489386,
            55.694971490891284
          ]
        ]
      }
    },
    {
      "type": "Feature",
      "properties": {
        "id": 135,
        "diameter": 400,
        "object_type": "heat_network"
      },
      "geometry": {
        "type": "LineString",
        "coordinates": [
          [
            37.63652356685343,
            55.69491727390603
          ],
          [
            37.63653636516767,
            55.69493872849752
          ]
        ]
      }
    },
    {
      "type": "Feature",
      "properties": {
        "id": 136,
        "diameter": 400,
        "object_type": "heat_network"
      },
      "geometry": {
        "type": "LineString",
        "coordinates": [
          [
            37.636503725554924,
            55.694882891951075
          ],
          [
            37.63652356685343,
            55.69491727390603
          ]
        ]
      }
    },
    {
      "type": "Feature",
      "properties": {
        "id": 137,
        "diameter": 400,
        "object_type": "heat_network"
      },
      "geometry": {
        "type": "LineString",
        "coordinates": [
          [
            37.63647527977447,
            55.69484384853319
          ],
          [
            37.636503725554924,
            55.694882891951075
          ]
        ]
      }
    },
    {
      "type": "Feature",
      "properties": {
        "id": 138,
        "diameter": 400,
        "object_type": "heat_network"
      },
      "geometry": {
        "type": "LineString",
        "coordinates": [
          [
            37.636082826284806,
            55.69426768016567
          ],
          [
            37.636095454466734,
            55.69428608084639
          ]
        ]
      }
    },
    {
      "type": "Feature",
      "properties": {
        "id": 139,
        "diameter": 400,
        "object_type": "heat_network"
      },
      "geometry": {
        "type": "LineString",
        "coordinates": [
          [
            37.63614697544455,
            55.69405570489723
          ],
          [
            37.6361950896835,
            55.69412562731266
          ],
          [
            37.63601249037645,
            55.69416463590455
          ],
          [
            37.636082826284806,
            55.69426768016567
          ]
        ]
      }
    },
    {
      "type": "Feature",
      "properties": {
        "id": 140,
        "diameter": 400,
        "object_type": "heat_network"
      },
      "geometry": {
        "type": "LineString",
        "coordinates": [
          [
            37.636132429786294,
            55.694034701344265
          ],
          [
            37.63614697544455,
            55.69405570489723
          ]
        ]
      }
    },
    {
      "type": "Feature",
      "properties": {
        "id": 141,
        "diameter": 400,
        "object_type": "heat_network"
      },
      "geometry": {
        "type": "LineString",
        "coordinates": [
          [
            37.636095454466734,
            55.69428608084639
          ],
          [
            37.63647527977447,
            55.69484384853319
          ]
        ]
      }
    },
    {
      "type": "Feature",
      "properties": {
        "id": 142,
        "diameter": 400,
        "object_type": "heat_network"
      },
      "geometry": {
        "type": "LineString",
        "coordinates": [
          [
            37.636132429786294,
            55.694034701344265
          ],
          [
            37.63604392723133,
            55.69389823909859
          ],
          [
            37.63625161971692,
            55.69385661580303
          ],
          [
            37.63716169539718,
            55.69373212642513
          ],
          [
            37.63730515063859,
            55.69355114304301
          ],
          [
            37.63743629829632,
            55.69358019082341
          ]
        ]
      }
    },
    {
      "type": "Feature",
      "properties": {
        "id": 143,
        "diameter": 300,
        "object_type": "heat_network"
      },
      "geometry": {
        "type": "LineString",
        "coordinates": [
          [
            37.63743629829632,
            55.69358019082341
          ],
          [
            37.63860465566641,
            55.69220379599268
          ]
        ]
      }
    },
    {
      "type": "Feature",
      "properties": {
        "id": 144,
        "name": "ТЭЦ ЗИЛ",
        "object_type": "source"
      },
      "geometry": {
        "type": "Point",
        "coordinates": [
          37.64103024973653,
          55.70235373754567
        ]
      }
    }
  ]
}